"shrinkage";"n.trees";"interaction.depth";"n.minobsinnode";"rmse";"r_squared";"mae"
0,01;1000;3;2;2,06;0,482063764901772;1,59010147695063
0,01;1500;3;2;2,03;0,493818910930105;1,56186782127156
0,01;1700;3;2;2,02;0,498003232436535;1,5533440542274
0,01;2000;3;2;2,02;0,497866062415976;1,54970762504849
0,01;3000;3;2;2;0,506314211726874;1,53395648441989
0,02;1000;3;2;2,02;0,496415544399597;1,55407284406261
0,02;1500;3;2;1,99;0,511394298090071;1,52064970159785
0,02;1700;3;2;1,99;0,511846023700119;1,51816826416467
0,02;2000;3;2;2;0,506143122941602;1,52524880012365
0,02;3000;3;2;1,99;0,510960577728219;1,51057866549838
0,05;1000;3;2;2,01;0,498746581061429;1,54259366808902
0,05;1500;3;2;2,02;0,494256186223975;1,53532601046112
0,05;1700;3;2;2,05;0,480452414589249;1,55315988206337
0,05;2000;3;2;2,02;0,498029612650013;1,53908411571673
0,05;3000;3;2;2,05;0,480422427599035;1,56260868097189
0,001;1000;3;2;2,37;0,415627756311573;1,87043006381641
0,001;1500;3;2;2,27;0,427824505616567;1,79207368872758
0,001;1700;3;2;2,24;0,430808510369936;1,7699044105967
0,001;2000;3;2;2,21;0,439268968889471;1,73744367713838
0,001;3000;3;2;2,15;0,451820960967163;1,67409025201756
0,002;1000;3;2;2,21;0,437418115986239;1,74008523930565
0,002;1500;3;2;2,15;0,451806412738697;1,67490050805221
0,002;1700;3;2;2,13;0,454043041606424;1,66129155020414
0,002;2000;3;2;2,11;0,46169372408942;1,64293633361002
0,002;3000;3;2;2,09;0,470054967810061;1,61931932923555
0,005;1000;3;2;2,1;0,467367095647668;1,62829934974094
0,005;1500;3;2;2,07;0,476785117840882;1,60221792987284
0,005;1700;3;2;2,06;0,48211202143818;1,59080880815466
0,005;2000;3;2;2,05;0,483594964122054;1,5837542854471
0,005;3000;3;2;2,03;0,493583607097998;1,56167635402075
0,01;1000;5;2;2,03;0,495796214483943;1,55745992446553
0,01;1500;5;2;1,99;0,514269295739947;1,52164586015516
0,01;1700;5;2;2;0,505833804877825;1,52614920438819
0,01;2000;5;2;2;0,508747296981288;1,52200135593333
0,01;3000;5;2;1,97;0,520362336522622;1,50286787145591
0,02;1000;5;2;1,99;0,511008614489858;1,52134016391381
0,02;1500;5;2;2;0,509134655489702;1,51246492623378
0,02;1700;5;2;1,99;0,509616688801874;1,51120248509076
0,02;2000;5;2;1,98;0,515171623674004;1,50344585998174
0,02;3000;5;2;1,98;0,51564694756769;1,49712710122747
0,05;1000;5;2;1,99;0,510264056874059;1,51400299017373
0,05;1500;5;2;2,02;0,497783593311959;1,52093848508893
0,05;1700;5;2;2,02;0,494668085126765;1,53521383701164
0,05;2000;5;2;2,04;0,487321596552699;1,53962825761028
0,05;3000;5;2;2,05;0,479172735775577;1,56527650462185
0,001;1000;5;2;2,31;0,439894901901105;1,827624217442
0,001;1500;5;2;2,21;0,454811470412219;1,73923375435576
0,001;1700;5;2;2,18;0,45886657942068;1,71466216404213
0,001;2000;5;2;2,16;0,462219804081521;1,6856656510441
0,001;3000;5;2;2,1;0,47453834075597;1,62739254078477
0,002;1000;5;2;2,15;0,46406400869432;1,68368744303694
0,002;1500;5;2;2,1;0,476270182173864;1,62540587360595
0,002;1700;5;2;2,08;0,478613660357036;1,61426384233257
0,002;2000;5;2;2,07;0,482291546371467;1,60228220105962
0,002;3000;5;2;2,05;0,490588427442681;1,57673592867218
0,005;1000;5;2;2,05;0,48956299747319;1,58452732494043
0,005;1500;5;2;2,02;0,499996767411777;1,55827551425024
0,005;1700;5;2;2,03;0,496502949983309;1,55986746497613
0,005;2000;5;2;2,02;0,501737538619459;1,5493290889727
0,005;3000;5;2;2;0,510282554087292;1,52969748665441
0,01;1000;6;2;2,01;0,50636233674188;1,53847323884226
0,01;1500;6;2;1,99;0,512900813309604;1,52051740515191
0,01;1700;6;2;1,98;0,51663600216136;1,51143526893417
0,01;2000;6;2;1,98;0,516198334960431;1,50529997589415
0,01;3000;6;2;1,99;0,513604136403009;1,50681147713308
0,02;1000;6;2;1,99;0,514354547590737;1,51545186126313
0,02;1500;6;2;1,98;0,514657840917543;1,50467509632289
0,02;1700;6;2;1,97;0,520333917645488;1,49035104912708
0,02;2000;6;2;1,96;0,522797090462146;1,49017860202569
0,02;3000;6;2;2,02;0,499197240374959;1,52000312724728
0,05;1000;6;2;1,99;0,508135976394499;1,51979216361759
0,05;1500;6;2;2,02;0,495149114332972;1,53790690608653
0,05;1700;6;2;2,05;0,485382254244212;1,54793279195377
0,05;2000;6;2;2,05;0,481892709708352;1,56233772910657
0,05;3000;6;2;2,04;0,487338333519594;1,55171510162614
0,001;1000;6;2;2,29;0,452144863275644;1,80939360404847
0,001;1500;6;2;2,2;0,462133482695728;1,72374824841311
0,001;1700;6;2;2,17;0,468142404628827;1,69603353264425
0,001;2000;6;2;2,14;0,472287498957829;1,66617881445351
0,001;3000;6;2;2,08;0,483185720402179;1,61228335552378
0,002;1000;6;2;2,14;0,470441430786968;1,66992556987978
0,002;1500;6;2;2,08;0,483059645849701;1,60982039273725
0,002;1700;6;2;2,07;0,485549415752268;1,60107530800804
0,002;2000;6;2;2,06;0,489275369641403;1,58821909222355
0,002;3000;6;2;2,03;0,500174131923935;1,56093502151394
0,005;1000;6;2;2,04;0,496924760268368;1,5727032086788
0,005;1500;6;2;2,02;0,50050089358154;1,55299340242229
0,005;1700;6;2;2,01;0,503623230567494;1,54738040478732
0,005;2000;6;2;2;0,508029180113582;1,53606972061285
0,005;3000;6;2;1,98;0,516639294955014;1,51117261768766
0,01;1000;8;2;1,99;0,514679212116119;1,51978533768343
0,01;1500;8;2;1,99;0,514407053012782;1,51193466425727
0,01;1700;8;2;1,98;0,519382984246289;1,50701686805361
0,01;2000;8;2;1,97;0,520680873734254;1,49574547134756
0,01;3000;8;2;1,98;0,514318985287248;1,5055913581104
0,02;1000;8;2;1,98;0,514194071559606;1,51117579355189
0,02;1500;8;2;1,97;0,521691402567662;1,49379799396333
0,02;1700;8;2;1,96;0,527028060814141;1,49223207947957
0,02;2000;8;2;1,98;0,517331233570995;1,49491439181457
0,02;3000;8;2;2,02;0,498734230180643;1,54132783091395
0,05;1000;8;2;2,04;0,485811909948651;1,55697919831811
0,05;1500;8;2;2,06;0,475559241193286;1,57973454886676
0,05;1700;8;2;2,01;0,501912465476982;1,51696716577577
0,05;2000;8;2;2,06;0,478188141415269;1,57798558647853
0,05;3000;8;2;2,07;0,474603328063828;1,58194729572541
0,001;1000;8;2;2,27;0,465675059457726;1,78642595799946
0,001;1500;8;2;2,17;0,477465148462801;1,6953238669142
0,001;1700;8;2;2,14;0,480898238566294;1,66954106974077
0,001;2000;8;2;2,11;0,485574549732985;1,63895522170092
0,001;3000;8;2;2,06;0,494092955799166;1,58951350179266
0,002;1000;8;2;2,11;0,485700651242244;1,63953938596289
0,002;1500;8;2;2,06;0,494058832995709;1,58961123733101
0,002;1700;8;2;2,04;0,496917884528637;1,58008240189833
0,002;2000;8;2;2,03;0,499647752962169;1,56749245412853
0,002;3000;8;2;2,01;0,508346686122168;1,54177430805567
0,005;1000;8;2;2,02;0,501795242902553;1,55648106816435
0,005;1500;8;2;2;0,510328359240518;1,53361264733122
0,005;1700;8;2;1,99;0,513163366943073;1,52380727856882
0,005;2000;8;2;1,99;0,516098821145975;1,51805494997528
0,005;3000;8;2;1,98;0,52028315355092;1,50247167909432
0,01;1000;10;2;1,97;0,520961976341669;1,50591918046762
0,01;1500;10;2;1,97;0,521247416822851;1,49618491611703
0,01;1700;10;2;1,96;0,525208272367611;1,48872593577874
0,01;2000;10;2;1,97;0,52322934413382;1,49279538705283
0,01;3000;10;2;1,97;0,520549870765203;1,48897170740522
0,02;1000;10;2;1,97;0,521874477915484;1,49651439121055
0,02;1500;10;2;2;0,508699066183375;1,50738892127008
0,02;1700;10;2;1,97;0,519912652842462;1,49157795128614
0,02;2000;10;2;2;0,504531012999955;1,52129198650075
0,02;3000;10;2;2,02;0,498033488759475;1,52466586217826
0,05;1000;10;2;2,02;0,493373335560798;1,54561446958975
0,05;1500;10;2;2,04;0,489094598359405;1,56663504661118
0,05;1700;10;2;2,09;0,462998876031947;1,58907551090512
0,05;2000;10;2;2,07;0,471939383470995;1,57724353413125
0,05;3000;10;2;2,04;0,484838787059498;1,55163686417136
0,001;1000;10;2;2,25;0,478357816261258;1,76789394224471
0,001;1500;10;2;2,14;0,488545083646359;1,6739226974564
0,001;1700;10;2;2,12;0,491050144870916;1,64933088305483
0,001;2000;10;2;2,09;0,4939528722298;1,62032762317551
0,001;3000;10;2;2,04;0,49909676697452;1,57713396057262
0,002;1000;10;2;2,09;0,492528367604424;1,62484058563699
0,002;1500;10;2;2,04;0,499054468951405;1,57590270409594
0,002;1700;10;2;2,02;0,506263966724281;1,56006480648938
0,002;2000;10;2;2,02;0,507279166117693;1,55080486494342
0,002;3000;10;2;1,99;0,513646637280807;1,5289339092022
0,005;1000;10;2;2,01;0,507553557731416;1,54312984750275
0,005;1500;10;2;1,98;0,518990969366458;1,51607974394867
0,005;1700;10;2;1,98;0,519438021289884;1,51172868778065
0,005;2000;10;2;1,97;0,524391657762077;1,4973255692686
0,005;3000;10;2;1,97;0,523242934682366;1,49855202495906
0,01;1000;3;5;2,05;0,484376403818913;1,58419803445314
0,01;1500;3;5;2,03;0,494740927541361;1,56066256550418
0,01;1700;3;5;2,03;0,495401625152394;1,55691122659581
0,01;2000;3;5;2,02;0,497658047573501;1,5524482734234
0,01;3000;3;5;2;0,504741649580902;1,53053216237147
0,02;1000;3;5;2,03;0,493285255039093;1,55821797422124
0,02;1500;3;5;2,01;0,504426315180227;1,5296616173361
0,02;1700;3;5;2,01;0,503956254316681;1,52827822659376
0,02;2000;3;5;2;0,506797147110832;1,52778659563694
0,02;3000;3;5;2;0,508123218202204;1,51794967515793
0,05;1000;3;5;2,01;0,50210630896363;1,51770450064434
0,05;1500;3;5;2,01;0,500466163000698;1,5373004376757
0,05;1700;3;5;2,03;0,492752221398513;1,55182846167901
0,05;2000;3;5;2,02;0,495614885472615;1,53381452664346
0,05;3000;3;5;2,05;0,480571417583598;1,57282240474297
0,001;1000;3;5;2,37;0,414936327439564;1,87070479284547
0,001;1500;3;5;2,27;0,428156893059783;1,79186832943911
0,001;1700;3;5;2,24;0,431607073868944;1,76920775699674
0,001;2000;3;5;2,21;0,437596555454362;1,73911506966633
0,001;3000;3;5;2,14;0,452566410504758;1,67334197706391
0,002;1000;3;5;2,21;0,438169989161663;1,73806989613608
0,002;1500;3;5;2,15;0,451644151035499;1,67364140075344
0,002;1700;3;5;2,13;0,457733063485568;1,65681896853279
0,002;2000;3;5;2,12;0,459657238541316;1,64507376217726
0,002;3000;3;5;2,09;0,471799280572546;1,61575955386694
0,005;1000;3;5;2,1;0,4671626859102;1,62889326646108
0,005;1500;3;5;2,07;0,477332671451745;1,60110485094746
0,005;1700;3;5;2,06;0,482241933092859;1,58965232045645
0,005;2000;3;5;2,05;0,489381505584206;1,57810086615111
0,005;3000;3;5;2,04;0,490588794093854;1,56815423487271
0,01;1000;5;5;2,02;0,499869364622675;1,54770007145481
0,01;1500;5;5;2;0,510156849367032;1,52523802687293
0,01;1700;5;5;1,99;0,512086223869659;1,51870758345152
0,01;2000;5;5;2;0,508262446020938;1,5267949768926
0,01;3000;5;5;2;0,506316546400726;1,51757730451931
0,02;1000;5;5;2;0,50678205782193;1,52351633093004
0,02;1500;5;5;1,99;0,509715993565303;1,51111492460831
0,02;1700;5;5;1,99;0,51144821562642;1,50922872779741
0,02;2000;5;5;1,98;0,514557437558427;1,50550268494223
0,02;3000;5;5;2;0,504784316853551;1,51713369829999
0,05;1000;5;5;2;0,506637408067715;1,51021749242209
0,05;1500;5;5;2,01;0,498689632597292;1,52348530240154
0,05;1700;5;5;2,02;0,494633616055726;1,56280412502435
0,05;2000;5;5;2,05;0,479869604521681;1,56826680573777
0,05;3000;5;5;2,05;0,479955445182566;1,56883685802056
0,001;1000;5;5;2,31;0,44098857075933;1,82592436567902
0,001;1500;5;5;2,21;0,453849811752335;1,74015855612004
0,001;1700;5;5;2,19;0,457897267362153;1,71658256620095
0,001;2000;5;5;2,15;0,463861757374248;1,68398133111917
0,001;3000;5;5;2,1;0,47574222457002;1,62579667929356
0,002;1000;5;5;2,15;0,463179699589835;1,68447823981134
0,002;1500;5;5;2,1;0,475045733102692;1,62621566348545
0,002;1700;5;5;2,08;0,478542286742943;1,61569372832623
0,002;2000;5;5;2,07;0,482736633099105;1,60276540792861
0,002;3000;5;5;2,04;0,494534161611508;1,57159017093879
0,005;1000;5;5;2,06;0,48583106974988;1,58978510881005
0,005;1500;5;5;2,03;0,496924078747344;1,56069891104023
0,005;1700;5;5;2,02;0,500006803690776;1,55680455342487
0,005;2000;5;5;2,02;0,500784259989208;1,54824537828003
0,005;3000;5;5;2;0,508358670684281;1,53335609144705
0,01;1000;6;5;2;0,508392473356543;1,5324643882547
0,01;1500;6;5;1,99;0,514476862097241;1,51390575657026
0,01;1700;6;5;1,99;0,510194718950756;1,51890464302901
0,01;2000;6;5;1,98;0,51713135615372;1,50826488772562
0,01;3000;6;5;1,98;0,51528777258189;1,50389205768425
0,02;1000;6;5;2;0,506976008612795;1,52411930044587
0,02;1500;6;5;1,99;0,509094334436711;1,51379395470922
0,02;1700;6;5;1,99;0,512112645349338;1,51544125759961
0,02;2000;6;5;1,98;0,515769727878558;1,5103195596039
0,02;3000;6;5;2;0,506078293475556;1,52709188414896
0,05;1000;6;5;2;0,505884373656131;1,51522938762308
0,05;1500;6;5;2,04;0,488141950581351;1,54783057590701
0,05;1700;6;5;2,03;0,492670940091447;1,53912704669708
0,05;2000;6;5;2,05;0,483146041178616;1,5584183959497
0,05;3000;6;5;2,08;0,470866492476926;1,58533647539087
0,001;1000;6;5;2,29;0,451366387789514;1,80990957965714
0,001;1500;6;5;2,19;0,463047576696489;1,72156524029326
0,001;1700;6;5;2,16;0,468570527632901;1,69468403746143
0,001;2000;6;5;2,13;0,47313475286609;1,66457886382838
0,001;3000;6;5;2,08;0,483614422399564;1,61047745430109
0,002;1000;6;5;2,14;0,471413765952742;1,66638551871854
0,002;1500;6;5;2,08;0,48477694497878;1,60818909851472
0,002;1700;6;5;2,07;0,487206474527535;1,59779497544756
0,002;2000;6;5;2,05;0,490193048263173;1,58771526017234
0,002;3000;6;5;2,03;0,498473134316857;1,56101655889492
0,005;1000;6;5;2,04;0,496359994130068;1,57163724867888
0,005;1500;6;5;2,02;0,502540236117363;1,54928702420216
0,005;1700;6;5;2;0,508079630467023;1,53450985947244
0,005;2000;6;5;2;0,508819231783997;1,53323246125323
0,005;3000;6;5;1,99;0,513951961747724;1,51863944552337
0,01;1000;8;5;2,01;0,505647484396129;1,53157642640294
0,01;1500;8;5;1,97;0,520247608545417;1,49740657456727
0,01;1700;8;5;1,98;0,516226015268517;1,50343265399394
0,01;2000;8;5;1,99;0,512584522272582;1,50841815602074
0,01;3000;8;5;1,97;0,519922479643832;1,49943175910616
0,02;1000;8;5;1,97;0,519594837435165;1,49755745174042
0,02;1500;8;5;1,98;0,516359381619395;1,49643109927919
0,02;1700;8;5;1,99;0,508604876986143;1,51183448453114
0,02;2000;8;5;1,98;0,513413414711204;1,5123930930233
0,02;3000;8;5;1,99;0,508176412242086;1,51774730531431
0,05;1000;8;5;2;0,50668318368545;1,51819884517391
0,05;1500;8;5;2,04;0,48807295568966;1,55361583680502
0,05;1700;8;5;2,08;0,465827272620053;1,57506719085031
0,05;2000;8;5;2,09;0,464506738490704;1,60246410286203
0,05;3000;8;5;2,07;0,476849326670625;1,58318013664584
0,001;1000;8;5;2,27;0,466958457696116;1,78637227019337
0,001;1500;8;5;2,16;0,478989706217134;1,69234709611732
0,001;1700;8;5;2,14;0,479825472609337;1,66957893673514
0,001;2000;8;5;2,11;0,485161499140995;1,63726791474836
0,001;3000;8;5;2,06;0,493036300765716;1,59097122276501
0,002;1000;8;5;2,11;0,484616338555227;1,64041691602768
0,002;1500;8;5;2,06;0,492071328349771;1,59142759487629
0,002;1700;8;5;2,04;0,498437661029999;1,57617677129087
0,002;2000;8;5;2,03;0,501231351716936;1,564475756865
0,002;3000;8;5;2,01;0,507245335000741;1,54301410385389
0,005;1000;8;5;2,02;0,50439189036165;1,55334962163514
0,005;1500;8;5;2,01;0,50521978980194;1,53798648711392
0,005;1700;8;5;1,99;0,51453305429838;1,52288976539178
0,005;2000;8;5;1,99;0,510794317799023;1,52477133290673
0,005;3000;8;5;1,98;0,519069612873019;1,50588794847724
0,01;1000;10;5;2;0,510341443278777;1,52221505095448
0,01;1500;10;5;1,97;0,523465582639418;1,4965400718663
0,01;1700;10;5;1,97;0,521141020828196;1,49977474011077
0,01;2000;10;5;1,97;0,52256601416998;1,48740610323479
0,01;3000;10;5;1,98;0,517746948998821;1,50924669665804
0,02;1000;10;5;1,98;0,51477096356929;1,50797442370791
0,02;1500;10;5;1,99;0,513347377068436;1,49895618923479
0,02;1700;10;5;2;0,508716345437773;1,51671521450688
0,02;2000;10;5;2,01;0,501361561440537;1,52732690236019
0,02;3000;10;5;2,03;0,492244069069072;1,54310528344162
0,05;1000;10;5;2,07;0,472032007952753;1,56483084761741
0,05;1500;10;5;2,05;0,482512690791632;1,56011700494828
0,05;1700;10;5;2,06;0,476938399649385;1,57063022226948
0,05;2000;10;5;2,1;0,461849504094414;1,59507609679524
0,05;3000;10;5;2,06;0,478129447174249;1,56842507125739
0,001;1000;10;5;2,25;0,479842821257709;1,76588019635242
0,001;1500;10;5;2,14;0,487869060947708;1,67200373747997
0,001;1700;10;5;2,12;0,491213714061463;1,64843555151523
0,001;2000;10;5;2,09;0,49515788796539;1,61790252834102
0,001;3000;10;5;2,04;0,501119863019272;1,57282013069759
0,002;1000;10;5;2,09;0,494838027982173;1,61878498006265
0,002;1500;10;5;2,04;0,502205687562264;1,5725261367238
0,002;1700;10;5;2,03;0,501893225186364;1,566234259871
0,002;2000;10;5;2,02;0,506703554678263;1,55098321943585
0,002;3000;10;5;1,99;0,513283404074364;1,52903587968751
0,005;1000;10;5;2;0,510581158840374;1,53943028927702
0,005;1500;10;5;1,99;0,513199022735024;1,5288250828992
0,005;1700;10;5;1,99;0,51468286789074;1,5187544936539
0,005;2000;10;5;1,98;0,517228722297628;1,50990877165094
0,005;3000;10;5;1,97;0,524160759056763;1,48976199769692
0,01;1000;3;10;2,05;0,487783103096401;1,5797733066195
0,01;1500;3;10;2,04;0,491696858221854;1,56730258055128
0,01;1700;3;10;2,04;0,488877052358627;1,56692173813386
0,01;2000;3;10;2,03;0,495209171467949;1,5537833743399
0,01;3000;3;10;2,02;0,495380195354711;1,5458030289869
0,02;1000;3;10;2,03;0,492803132130266;1,55078928177124
0,02;1500;3;10;2,03;0,493882075678567;1,54700740917355
0,02;1700;3;10;2,02;0,494058446853613;1,5438947215928
0,02;2000;3;10;2;0,505292212545222;1,52119171455176
0,02;3000;3;10;2,02;0,495639432688039;1,53733846533349
0,05;1000;3;10;2,03;0,490514430336355;1,54538500290784
0,05;1500;3;10;2,05;0,483439938553661;1,55537440310053
0,05;1700;3;10;2,05;0,481007594244597;1,55277995988018
0,05;2000;3;10;2,03;0,490198458469381;1,54453585298712
0,05;3000;3;10;2,05;0,483755048254053;1,5535258159295
0,001;1000;3;10;2,37;0,415602184489635;1,87079026843236
0,001;1500;3;10;2,27;0,428629586185261;1,79110083500415
0,001;1700;3;10;2,24;0,432215829325023;1,76762821632474
0,001;2000;3;10;2,21;0,439199871273779;1,73656969704132
0,001;3000;3;10;2,14;0,453803282011906;1,67088136658881
0,002;1000;3;10;2,21;0,437818387465805;1,73864431808454
0,002;1500;3;10;2,14;0,452975050203034;1,67116265004539
0,002;1700;3;10;2,13;0,456642321682736;1,65696630180887
0,002;2000;3;10;2,11;0,46106020604215;1,64261824463118
0,002;3000;3;10;2,08;0,472151529875769;1,61417653337734
0,005;1000;3;10;2,09;0,469262835388727;1,62448500398851
0,005;1500;3;10;2,06;0,481866243792341;1,59588260282727
0,005;1700;3;10;2,06;0,481654487922903;1,59184750091755
0,005;2000;3;10;2,06;0,482898007910135;1,5840471381035
0,005;3000;3;10;2,03;0,493449010346283;1,56312906933367
0,01;1000;5;10;2,02;0,497873991425865;1,55840534910623
0,01;1500;5;10;2,01;0,503154788968322;1,53220455561014
0,01;1700;5;10;2,01;0,504979285973622;1,52779040837497
0,01;2000;5;10;2;0,506284426979319;1,52766936299991
0,01;3000;5;10;1,99;0,513319010550516;1,50601517325579
0,02;1000;5;10;2,01;0,502121077151591;1,53051063684622
0,02;1500;5;10;2;0,506881495281668;1,51936329781567
0,02;1700;5;10;2;0,507080126567878;1,51287609406424
0,02;2000;5;10;2;0,50466068002826;1,51955209191175
0,02;3000;5;10;1,99;0,511709909238119;1,5091589972027
0,05;1000;5;10;2,02;0,496336282470026;1,53488907292905
0,05;1500;5;10;2,02;0,494817137249302;1,54264992207991
0,05;1700;5;10;2,03;0,490652311421062;1,54986722889996
0,05;2000;5;10;2,05;0,484300904593483;1,55758270969019
0,05;3000;5;10;2,09;0,464712001420234;1,58526582058259
0,001;1000;5;10;2,31;0,441409190784839;1,82543793650671
0,001;1500;5;10;2,21;0,455388276853257;1,73831854812091
0,001;1700;5;10;2,19;0,456263150638941;1,71529937391288
0,001;2000;5;10;2,15;0,464066916437079;1,68200911772636
0,001;3000;5;10;2,1;0,47527014341278;1,62596416592332
0,002;1000;5;10;2,16;0,461804510032231;1,68554955988881
0,002;1500;5;10;2,09;0,476591272057854;1,62346832401887
0,002;1700;5;10;2,08;0,479864219366935;1,61207151262836
0,002;2000;5;10;2,07;0,484617335826788;1,59908681853198
0,002;3000;5;10;2,04;0,492185988999305;1,5733950296397
0,005;1000;5;10;2,05;0,489541259680061;1,5849229740666
0,005;1500;5;10;2,03;0,497057676373723;1,55894538014348
0,005;1700;5;10;2,03;0,497323952367899;1,5579438176249
0,005;2000;5;10;2,02;0,501547833167774;1,54952772066129
0,005;3000;5;10;2;0,508415303777998;1,5285381925113
0,01;1000;6;10;2;0,506775159643292;1,53437096001065
0,01;1500;6;10;2;0,506497097836668;1,52569199691087
0,01;1700;6;10;1,99;0,509517438726555;1,51787448233482
0,01;2000;6;10;1,99;0,510897080732296;1,51845164941385
0,01;3000;6;10;1,98;0,515009706848066;1,50907678185086
0,02;1000;6;10;2;0,50753763620289;1,52201618125014
0,02;1500;6;10;2;0,506735245035634;1,51331824869596
0,02;1700;6;10;2;0,506820741436858;1,52555736087264
0,02;2000;6;10;1,99;0,508958836974241;1,51755263729365
0,02;3000;6;10;2,03;0,49177243167024;1,54563750248287
0,05;1000;6;10;1,98;0,514426511348905;1,50966393483261
0,05;1500;6;10;2,05;0,483167611851588;1,55635140247296
0,05;1700;6;10;2,07;0,473682582722026;1,56654175600074
0,05;2000;6;10;2,05;0,480820331780111;1,55875733937718
0,05;3000;6;10;2,09;0,466374420063487;1,58784010744191
0,001;1000;6;10;2,29;0,452235188049473;1,80895715160544
0,001;1500;6;10;2,19;0,465244980637658;1,71963754974709
0,001;1700;6;10;2,17;0,468014164225056;1,69400959993371
0,001;2000;6;10;2,14;0,471993839038418;1,66452516073351
0,001;3000;6;10;2,08;0,484473947268299;1,60782211898744
0,002;1000;6;10;2,14;0,471906429588582;1,66427766298342
0,002;1500;6;10;2,08;0,483911450833701;1,60896027836826
0,002;1700;6;10;2,07;0,486561265049086;1,59817156235476
0,002;2000;6;10;2,06;0,489483747130863;1,58803944740023
0,002;3000;6;10;2,03;0,498544066239039;1,56220648202464
0,005;1000;6;10;2,04;0,497173750012492;1,56869758892905
0,005;1500;6;10;2,02;0,503002318697906;1,5485234990087
0,005;1700;6;10;2,01;0,502657737819577;1,54451716249021
0,005;2000;6;10;2,01;0,505775903845181;1,5379911774456
0,005;3000;6;10;2;0,509701317575814;1,52493870454715
0,01;1000;8;10;2,01;0,50502709469358;1,53311114936469
0,01;1500;8;10;1,98;0,516735351813749;1,51373379024821
0,01;1700;8;10;1,98;0,516685600352177;1,50429579360761
0,01;2000;8;10;1,99;0,512799548735548;1,50880047059848
0,01;3000;8;10;2;0,508857887398281;1,51119674207149
0,02;1000;8;10;2,01;0,504573038386849;1,52469626683015
0,02;1500;8;10;1,98;0,515208906901569;1,50707028818706
0,02;1700;8;10;2,01;0,502440618707232;1,52579563286307
0,02;2000;8;10;2,02;0,497163542038399;1,53418721265163
0,02;3000;8;10;2,01;0,500499455747163;1,52979948407077
0,05;1000;8;10;2,03;0,489201389152682;1,55693038692016
0,05;1500;8;10;2,07;0,473796816878213;1,58457557162335
0,05;1700;8;10;2,09;0,463948316400258;1,58663528003278
0,05;2000;8;10;2,05;0,480177804585278;1,56073835564947
0,05;3000;8;10;2,09;0,462934154630053;1,60251796611519
0,001;1000;8;10;2,27;0,469768708403169;1,78285737988582
0,001;1500;8;10;2,17;0,477841683713726;1,69218947460503
0,001;1700;8;10;2,14;0,482607234447679;1,6655324434375
0,001;2000;8;10;2,11;0,48587248414694;1,63629902164125
0,001;3000;8;10;2,06;0,494491673808931;1,58755966517369
0,002;1000;8;10;2,11;0,484771100084168;1,63775710454872
0,002;1500;8;10;2,05;0,496135687435867;1,58540175005873
0,002;1700;8;10;2,04;0,496422097200486;1,57773323385414
0,002;2000;8;10;2,03;0,501817174754786;1,56295887107299
0,002;3000;8;10;2,01;0,50661318159057;1,5425059071902
0,005;1000;8;10;2,02;0,501958960428974;1,55587197584853
0,005;1500;8;10;2;0,508721283716247;1,53272327956909
0,005;1700;8;10;2;0,510684555743659;1,52893702979656
0,005;2000;8;10;2;0,509424360673329;1,52634362517038
0,005;3000;8;10;1,99;0,511546621307088;1,51790766409101
0,01;1000;10;10;1,99;0,511128932467367;1,51748529884945
0,01;1500;10;10;1,98;0,515401765781188;1,50358338244226
0,01;1700;10;10;1,98;0,514489750489164;1,5100903657766
0,01;2000;10;10;1,98;0,514485462051534;1,50767967721685
0,01;3000;10;10;2,01;0,502015570530574;1,52809660972409
0,02;1000;10;10;1,99;0,51315801754791;1,50661634825084
0,02;1500;10;10;2;0,506842783902519;1,52073911890816
0,02;1700;10;10;2,02;0,49622111817731;1,54028932391451
0,02;2000;10;10;1,99;0,5099832882237;1,51363670201123
0,02;3000;10;10;2,03;0,494187672527904;1,54963198277043
0,05;1000;10;10;2,02;0,498204984473796;1,54168744788057
0,05;1500;10;10;2,08;0,468404716209298;1,56855643767485
0,05;1700;10;10;2,07;0,470679385352549;1,58796503835008
0,05;2000;10;10;2,09;0,46626144994379;1,59077487534155
0,05;3000;10;10;2,09;0,466206051998207;1,60237330517468
0,001;1000;10;10;2,25;0,480392124002125;1,76630632714129
0,001;1500;10;10;2,15;0,48762473714424;1,67319125561123
0,001;1700;10;10;2,12;0,489539118463185;1,64894661583329
0,001;2000;10;10;2,09;0,494903750477168;1,6180668337797
0,001;3000;10;10;2,04;0,501851982284784;1,57109457270138
0,002;1000;10;10;2,09;0,493769165665872;1,61949093935258
0,002;1500;10;10;2,04;0,500599978592075;1,57259923869638
0,002;1700;10;10;2,03;0,502879858690886;1,56181655808331
0,002;2000;10;10;2,02;0,506063218031897;1,55030299752163
0,002;3000;10;10;2;0,512025511550048;1,53085989345301
0,005;1000;10;10;2;0,509708060249204;1,53700188371065
0,005;1500;10;10;1,99;0,512236739108566;1,5262360767861
0,005;1700;10;10;1,99;0,516139939945887;1,51494988785077
0,005;2000;10;10;1,99;0,512228496000465;1,51805762015593
0,005;3000;10;10;2;0,50967857372169;1,51341297392104
0,01;1000;3;30;2,05;0,48423926534653;1,59116922752782
0,01;1500;3;30;2,03;0,495143806415244;1,56798071878164
0,01;1700;3;30;2,04;0,491986858693666;1,56366581613924
0,01;2000;3;30;2,02;0,497757747418072;1,55553222392112
0,01;3000;3;30;2,02;0,499568362090093;1,5437429184722
0,02;1000;3;30;2,03;0,491643143578071;1,56430021132376
0,02;1500;3;30;2,03;0,493171806540024;1,55006199164156
0,02;1700;3;30;2,02;0,495401395234783;1,54585612475661
0,02;2000;3;30;2,02;0,499253668726578;1,53486387717608
0,02;3000;3;30;2,02;0,494777610908526;1,53785997944231
0,05;1000;3;30;2,03;0,492683349528004;1,54009244863023
0,05;1500;3;30;2,03;0,48880653800145;1,53935241402821
0,05;1700;3;30;2,03;0,489820434158469;1,54168716712613
0,05;2000;3;30;2,04;0,486833772726685;1,54518860595196
0,05;3000;3;30;2,06;0,478021674281888;1,56097460010773
0,001;1000;3;30;2,37;0,414593574912772;1,87146602271398
0,001;1500;3;30;2,27;0,428418868469879;1,79006939873566
0,001;1700;3;30;2,24;0,431416144304288;1,76844177334827
0,001;2000;3;30;2,21;0,439307618368278;1,73560374679118
0,001;3000;3;30;2,14;0,452595771205797;1,66997561623432
0,002;1000;3;30;2,21;0,439620504168943;1,73595583815795
0,002;1500;3;30;2,14;0,451448374022597;1,67134836355167
0,002;1700;3;30;2,13;0,456537996805678;1,65520637260734
0,002;2000;3;30;2,11;0,461426241034717;1,64459812263843
0,002;3000;3;30;2,08;0,473549162939991;1,61395136571276
0,005;1000;3;30;2,09;0,468757859925636;1,62740711299348
0,005;1500;3;30;2,06;0,482502811579212;1,5945557584878
0,005;1700;3;30;2,06;0,483404591523887;1,59230937121903
0,005;2000;3;30;2,05;0,484322029385236;1,58788734758008
0,005;3000;3;30;2,04;0,489238558664959;1,57244470968951
0,01;1000;5;30;2,02;0,500756131079083;1,55246966353034
0,01;1500;5;30;2,01;0,505983368652644;1,53939154335033
0,01;1700;5;30;2,01;0,505154233672201;1,53516956773945
0,01;2000;5;30;2;0,505020029623392;1,5341558789963
0,01;3000;5;30;2;0,504554670205796;1,52454702181441
0,02;1000;5;30;2,01;0,502349581481499;1,5309016075391
0,02;1500;5;30;2,03;0,490134596875874;1,54896564591401
0,02;1700;5;30;2,01;0,50324678511267;1,52491223503916
0,02;2000;5;30;2,02;0,496931664367894;1,5325220319961
0,02;3000;5;30;2,02;0,49636324555991;1,53972922035642
0,05;1000;5;30;2,04;0,486309557119416;1,55632006733229
0,05;1500;5;30;2,04;0,485322049027839;1,54569551112925
0,05;1700;5;30;2,06;0,474978169617988;1,55585471167053
0,05;2000;5;30;2,07;0,470286578604217;1,575629074897
0,05;3000;5;30;2,09;0,461527116064059;1,6039416397756
0,001;1000;5;30;2,31;0,44076542439724;1,82398981573898
0,001;1500;5;30;2,21;0,455416351277629;1,73513417849242
0,001;1700;5;30;2,18;0,460514503274015;1,70972086014752
0,001;2000;5;30;2,15;0,465651088965933;1,67929354111486
0,001;3000;5;30;2,09;0,476886349514337;1,6222985366897
0,002;1000;5;30;2,15;0,46440224768;1,67923047809259
0,002;1500;5;30;2,1;0,475164712268793;1,6256675296121
0,002;1700;5;30;2,08;0,481000715303251;1,61101933871456
0,002;2000;5;30;2,07;0,483835912118212;1,60134592198208
0,002;3000;5;30;2,04;0,495030239246197;1,5697929805282
0,005;1000;5;30;2,05;0,487967827819217;1,58675048819553
0,005;1500;5;30;2,03;0,496406937520963;1,56574210580973
0,005;1700;5;30;2,02;0,500656328330246;1,55512595116176
0,005;2000;5;30;2,02;0,501028441023485;1,55113139029438
0,005;3000;5;30;2,01;0,504885801879855;1,53777023537565
0,01;1000;6;30;2,02;0,501700294888697;1,5443728435899
0,01;1500;6;30;2;0,505808741598486;1,52987813455841
0,01;1700;6;30;2;0,506652776350399;1,52674938071189
0,01;2000;6;30;2;0,506342989917282;1,52246563238499
0,01;3000;6;30;2,01;0,503466993914448;1,52634571021799
0,02;1000;6;30;2,01;0,503546817282667;1,53092477301773
0,02;1500;6;30;2,02;0,495232130574395;1,5394774819139
0,02;1700;6;30;2,01;0,499280997123988;1,52632510795113
0,02;2000;6;30;2,01;0,498764213418417;1,52343208048081
0,02;3000;6;30;2,04;0,484588129587682;1,54400945871181
0,05;1000;6;30;2,03;0,491234739065736;1,54915890838144
0,05;1500;6;30;2,04;0,485783951488511;1,55543695332722
0,05;1700;6;30;2,07;0,470062834017594;1,57517016017837
0,05;2000;6;30;2,1;0,458145263738946;1,60253598381648
0,05;3000;6;30;2,1;0,457451393093714;1,61491870389934
0,001;1000;6;30;2,29;0,450982349267355;1,80731970853421
0,001;1500;6;30;2,19;0,465018125889687;1,71567194030268
0,001;1700;6;30;2,16;0,469602600836665;1,69014769534324
0,001;2000;6;30;2,13;0,47469767503912;1,65916678089714
0,001;3000;6;30;2,08;0,484603732776213;1,60778334621847
0,002;1000;6;30;2,13;0,475230347184455;1,65884068151363
0,002;1500;6;30;2,08;0,483769171985497;1,60966426326071
0,002;1700;6;30;2,06;0,487346472827284;1,59894133048843
0,002;2000;6;30;2,05;0,492088626949563;1,58554495399507
0,002;3000;6;30;2,03;0,499945287351812;1,56070813791633
0,005;1000;6;30;2,03;0,497228945002565;1,56857928720266
0,005;1500;6;30;2,02;0,501666550567952;1,55216852596218
0,005;1700;6;30;2,01;0,504453027168627;1,54631047016286
0,005;2000;6;30;2;0,508138525293597;1,53833386072904
0,005;3000;6;30;2,01;0,5043089808064;1,53087698423236
0,01;1000;8;30;2;0,508895314734918;1,52503147442947
0,01;1500;8;30;2;0,506801518673911;1,52434086539076
0,01;1700;8;30;2;0,508693993511978;1,52168049995352
0,01;2000;8;30;2;0,508337330708879;1,51774520234227
0,01;3000;8;30;2,01;0,500526858693255;1,52783892715493
0,02;1000;8;30;2,02;0,498132794066372;1,532173404125
0,02;1500;8;30;2,01;0,503297963191207;1,52114406135014
0,02;1700;8;30;2,02;0,494265715668672;1,5344071141732
0,02;2000;8;30;2,03;0,49196072649307;1,53659900429286
0,02;3000;8;30;2,04;0,487624728829081;1,54612469695603
0,05;1000;8;30;2,02;0,497478670891307;1,54376311401787
0,05;1500;8;30;2,07;0,469788451936949;1,574267727913
0,05;1700;8;30;2,09;0,460356078786352;1,59842779627665
0,05;2000;8;30;2,06;0,475532307741849;1,57315596488842
0,05;3000;8;30;2,09;0,462345683759126;1,60383550330351
0,001;1000;8;30;2,26;0,470655286399213;1,77971325922062
0,001;1500;8;30;2,16;0,480818857445605;1,68736679804434
0,001;1700;8;30;2,14;0,483701211756087;1,66140689496117
0,001;2000;8;30;2,1;0,488918083732894;1,63042120559277
0,001;3000;8;30;2,05;0,498010155135081;1,58322829859286
0,002;1000;8;30;2,1;0,488679614987071;1,63257613699045
0,002;1500;8;30;2,05;0,496327745466334;1,58374501191814
0,002;1700;8;30;2,04;0,500083743967711;1,57303097112977
0,002;2000;8;30;2,03;0,503081280587095;1,56108639146212
0,002;3000;8;30;2,01;0,506721122041966;1,54312939605801
0,005;1000;8;30;2,02;0,504450560988565;1,55201542471254
0,005;1500;8;30;2;0,508636195943219;1,53687335580245
0,005;1700;8;30;2;0,507981732999394;1,53486341255349
0,005;2000;8;30;2;0,509365656006647;1,52656172520739
0,005;3000;8;30;2;0,50826434902298;1,52049199899482
0,01;1000;10;30;1,99;0,512076092428947;1,51767042458011
0,01;1500;10;30;2;0,507816925189858;1,51554471486596
0,01;1700;10;30;1,99;0,512007544265954;1,51064946746954
0,01;2000;10;30;2,01;0,503045229966511;1,52326989953883
0,01;3000;10;30;2;0,503826393918846;1,52169697231102
0,02;1000;10;30;1,99;0,514134933258498;1,50921563013233
0,02;1500;10;30;2;0,5050626335419;1,52061622821316
0,02;1700;10;30;2,02;0,498602213687703;1,52449109048594
0,02;2000;10;30;2,03;0,493330329511486;1,54047980626871
0,02;3000;10;30;2,05;0,482333660309554;1,55584514301395
0,05;1000;10;30;2,04;0,483808325333369;1,55700904430028
0,05;1500;10;30;2,07;0,470894027609318;1,58248935658913
0,05;1700;10;30;2,1;0,458435815655865;1,6000627618935
0,05;2000;10;30;2,11;0,455837629728134;1,6113973381304
0,05;3000;10;30;2,09;0,464539746829073;1,60581389132712
0,001;1000;10;30;2,25;0,482125931691605;1,76086201710779
0,001;1500;10;30;2,14;0,489957504809607;1,66929151755377
0,001;1700;10;30;2,12;0,493768701826092;1,64213329864125
0,001;2000;10;30;2,09;0,49622052214309;1,61479809876561
0,001;3000;10;30;2,04;0,503471098926023;1,56879458360588
0,002;1000;10;30;2,08;0,499475042504265;1,61000773090562
0,002;1500;10;30;2,04;0,503539215361433;1,57120212448432
0,002;1700;10;30;2,02;0,50748429966789;1,55774039998049
0,002;2000;10;30;2,02;0,506346462354183;1,55033856413709
0,002;3000;10;30;2;0,511344474914843;1,53153994698967
0,005;1000;10;30;2,01;0,508566161542424;1,53899735539849
0,005;1500;10;30;2;0,511273790821823;1,52398358719833
0,005;1700;10;30;2;0,508478607596177;1,52826645667908
0,005;2000;10;30;2;0,511401344515758;1,51912182475055
0,005;3000;10;30;1,99;0,511176101981786;1,51307352366585
0,01;1000;3;50;2,06;0,481043092693329;1,59043019526883
0,01;1500;3;50;2,05;0,487043294252706;1,57374363768049
0,01;1700;3;50;2,05;0,483987621209496;1,57718984858483
0,01;2000;3;50;2,04;0,486330737599867;1,56757460462625
0,01;3000;3;50;2,04;0,486407102449832;1,56124539590908
0,02;1000;3;50;2,03;0,494294942573533;1,56187342867941
0,02;1500;3;50;2,04;0,486752779637977;1,56000887108151
0,02;1700;3;50;2,04;0,48883742583127;1,55180972766601
0,02;2000;3;50;2,03;0,4888758634464;1,55583691584141
0,02;3000;3;50;2,05;0,479894740586195;1,562314147295
0,05;1000;3;50;2,06;0,475895766262361;1,57530975354652
0,05;1500;3;50;2,08;0,465598935124366;1,58793145229245
0,05;1700;3;50;2,06;0,477229621356851;1,56266725221407
0,05;2000;3;50;2,1;0,458108147443264;1,58033206461065
0,05;3000;3;50;2,07;0,468368031076068;1,57384174839548
0,001;1000;3;50;2,37;0,414135451530618;1,86965650700194
0,001;1500;3;50;2,26;0,428271630170432;1,78900408058998
0,001;1700;3;50;2,24;0,432320790035997;1,76574137138178
0,001;2000;3;50;2,2;0,43903726769746;1,73551762915376
0,001;3000;3;50;2,14;0,453365554828259;1,67074571891023
0,002;1000;3;50;2,2;0,439477164394739;1,73359293553516
0,002;1500;3;50;2,14;0,45113154425339;1,67358192916383
0,002;1700;3;50;2,13;0,454450242989282;1,65862784942413
0,002;2000;3;50;2,11;0,462965815837362;1,6396756561094
0,002;3000;3;50;2,08;0,472529993859259;1,61357716948892
0,005;1000;3;50;2,09;0,467708836742334;1,62805032374242
0,005;1500;3;50;2,07;0,477676967016584;1,60309580006319
0,005;1700;3;50;2,06;0,478885360445375;1,59832185784478
0,005;2000;3;50;2,06;0,482382673779689;1,58727245105709
0,005;3000;3;50;2,05;0,483400465089427;1,58111025927234
0,01;1000;5;50;2,03;0,494960401620009;1,55565876860428
0,01;1500;5;50;2,02;0,49727676276654;1,54269950150086
0,01;1700;5;50;2,03;0,494433514628244;1,54694933518517
0,01;2000;5;50;2,02;0,497500471518237;1,53617406337713
0,01;3000;5;50;2,04;0,486692952964305;1,55073580429427
0,02;1000;5;50;2,04;0,489202829835716;1,54944119906748
0,02;1500;5;50;2,03;0,489235335084995;1,54447486691238
0,02;1700;5;50;2,03;0,493018782592844;1,54170636596661
0,02;2000;5;50;2,04;0,487516701160593;1,54220951375069
0,02;3000;5;50;2,06;0,477579924131088;1,55793628972319
0,05;1000;5;50;2,06;0,47816978753452;1,55343690006898
0,05;1500;5;50;2,08;0,466831044687726;1,58027407365688
0,05;1700;5;50;2,11;0,453696829475571;1,590747256488
0,05;2000;5;50;2,09;0,461338382153612;1,59339704596339
0,05;3000;5;50;2,16;0,430367464067825;1,63250360921935
0,001;1000;5;50;2,31;0,438136970991527;1,82388516630013
0,001;1500;5;50;2,21;0,452178607804297;1,73583520077274
0,001;1700;5;50;2,18;0,457047588019458;1,7121018872622
0,001;2000;5;50;2,15;0,463045558923683;1,67971037519313
0,001;3000;5;50;2,09;0,47575621592166;1,62279524011671
0,002;1000;5;50;2,15;0,463048316774312;1,68129237471871
0,002;1500;5;50;2,09;0,476105879317598;1,62435610233014
0,002;1700;5;50;2,08;0,480094949658129;1,61084593095504
0,002;2000;5;50;2,06;0,484155470852011;1,59760735179407
0,002;3000;5;50;2,04;0,491002376868737;1,57563129146016
0,005;1000;5;50;2,05;0,491117042870865;1,5816135473274
0,005;1500;5;50;2,03;0,493352302109442;1,56857071346016
0,005;1700;5;50;2,03;0,49605971838103;1,5594664736873
0,005;2000;5;50;2,03;0,494970726943406;1,55753269676799
0,005;3000;5;50;2,01;0,501563019225012;1,53886173316152
0,01;1000;6;50;2,01;0,502473042933542;1,54127235225965
0,01;1500;6;50;2,02;0,496246487925484;1,54179719753359
0,01;1700;6;50;2,03;0,494640648886072;1,54465919387041
0,01;2000;6;50;2,02;0,498658511508181;1,53401153487879
0,01;3000;6;50;2,03;0,490896836678161;1,53781136452824
0,02;1000;6;50;2,02;0,495948583279673;1,53652212092849
0,02;1500;6;50;2,05;0,484303139102686;1,55002179933854
0,02;1700;6;50;2,06;0,477551012760567;1,55789095185604
0,02;2000;6;50;2,04;0,484360979382072;1,54594799207262
0,02;3000;6;50;2,08;0,466046866163412;1,57237818811509
0,05;1000;6;50;2,03;0,489945091164544;1,54079645840087
0,05;1500;6;50;2,08;0,464417970450736;1,58482200025194
0,05;1700;6;50;2,07;0,471372446429797;1,56261357692946
0,05;2000;6;50;2,08;0,468275746830984;1,57713143036607
0,05;3000;6;50;2,17;0,42605841580807;1,64690686028639
0,001;1000;6;50;2,29;0,44854118307795;1,80704466495035
0,001;1500;6;50;2,19;0,461801565799764;1,71802716752323
0,001;1700;6;50;2,16;0,466558839570797;1,69194930325974
0,001;2000;6;50;2,13;0,471398565207487;1,66202614452177
0,001;3000;6;50;2,08;0,484105597864126;1,60618582588884
0,002;1000;6;50;2,13;0,47118734860222;1,66189773353583
0,002;1500;6;50;2,07;0,485119881417801;1,60408515427731
0,002;1700;6;50;2,06;0,487726252523168;1,59368942405733
0,002;2000;6;50;2,05;0,489682600061375;1,58323327477703
0,002;3000;6;50;2,03;0,494768666515052;1,56370185205287
0,005;1000;6;50;2,04;0,491583820335172;1,57632285255392
0,005;1500;6;50;2,03;0,495141028986451;1,55753251353721
0,005;1700;6;50;2,02;0,498898854362527;1,55075603388512
0,005;2000;6;50;2,02;0,500178213589099;1,54366599041606
0,005;3000;6;50;2,02;0,498934991121072;1,5401777167138
0,01;1000;8;50;2,02;0,501084049594127;1,53748912994598
0,01;1500;8;50;2,01;0,502921814668354;1,52962820904515
0,01;1700;8;50;2,03;0,493857624273558;1,54038490602786
0,01;2000;8;50;2,01;0,499988799693058;1,52794292695776
0,01;3000;8;50;2,04;0,486652321625193;1,54062948671491
0,02;1000;8;50;2,02;0,496063924251012;1,5279601982729
0,02;1500;8;50;2,03;0,491572336965917;1,53958720978091
0,02;1700;8;50;2,02;0,49829779496741;1,52601795037293
0,02;2000;8;50;2,05;0,480350501020902;1,5516684906242
0,02;3000;8;50;2,09;0,461384036133902;1,58786109103688
0,05;1000;8;50;2,08;0,465780435463491;1,5588754742078
0,05;1500;8;50;2,06;0,477610999305437;1,56155879323119
0,05;1700;8;50;2,1;0,454984139488563;1,60912163070372
0,05;2000;8;50;2,16;0,427337337131661;1,64267232753229
0,05;3000;8;50;2,17;0,425018805053566;1,65234756529855
0,001;1000;8;50;2,27;0,463281412938335;1,78433723148008
0,001;1500;8;50;2,17;0,476526188667893;1,69074580967785
0,001;1700;8;50;2,14;0,480038258982034;1,66546262638409
0,001;2000;8;50;2,11;0,482964353557189;1,6386706789921
0,001;3000;8;50;2,06;0,493185786812799;1,584831931325
0,002;1000;8;50;2,11;0,482600545791016;1,63933766955579
0,002;1500;8;50;2,06;0,492525504718764;1,5874151737715
0,002;1700;8;50;2,04;0,496721110538031;1,57407915764141
0,002;2000;8;50;2,03;0,499065242268485;1,56424261792284
0,002;3000;8;50;2,02;0,502894646350385;1,54471794623404
0,005;1000;8;50;2,03;0,499363536789492;1,55583951140029
0,005;1500;8;50;2,01;0,502762086451684;1,53947332489243
0,005;1700;8;50;2,01;0,505138009492884;1,53479652504753
0,005;2000;8;50;2,02;0,499087019160862;1,53915731572124
0,005;3000;8;50;2,02;0,497462688210123;1,53720392092927
0,01;1000;10;50;2,01;0,505036918613306;1,52724764297605
0,01;1500;10;50;2,02;0,498766860194738;1,52497633918388
0,01;1700;10;50;2,02;0,496289271678091;1,52893229801538
0,01;2000;10;50;2,03;0,492856127754787;1,53492181557802
0,01;3000;10;50;2,04;0,488017630979999;1,544240519585
0,02;1000;10;50;2,04;0,488023410600397;1,54230692570861
0,02;1500;10;50;2,04;0,483996449217231;1,5466975057748
0,02;1700;10;50;2,05;0,483676919256655;1,5464032386392
0,02;2000;10;50;2,05;0,48176610415825;1,54556774814304
0,02;3000;10;50;2,08;0,466545752107615;1,56975985219633
0,05;1000;10;50;2,07;0,473232532404962;1,57742023196849
0,05;1500;10;50;2,11;0,453035253933379;1,59959065361417
0,05;1700;10;50;2,09;0,46158829950621;1,58402896596502
0,05;2000;10;50;2,15;0,433895745741749;1,63954148600655
0,05;3000;10;50;2,17;0,423019105730137;1,6604762511046
0,001;1000;10;50;2,25;0,474899006886981;1,76586412055421
0,001;1500;10;50;2,15;0,484284844938166;1,67485068728898
0,001;1700;10;50;2,13;0,485428571139903;1,65154540762865
0,001;2000;10;50;2,09;0,491404956043365;1,62064984951234
0,001;3000;10;50;2,04;0,4993833087333;1,57196658438787
0,002;1000;10;50;2,09;0,491136311315555;1,62077113400493
0,002;1500;10;50;2,05;0,496633712406984;1,57504972107326
0,002;1700;10;50;2,03;0,501380910435808;1,56271058924506
0,002;2000;10;50;2,02;0,502433472638589;1,55212834470914
0,002;3000;10;50;2,01;0,504467190919002;1,5357166823347
0,005;1000;10;50;2,02;0,501043189709587;1,54411366650378
0,005;1500;10;50;2,01;0,504646285789241;1,53416822638094
0,005;1700;10;50;2,01;0,504782271485566;1,52917142867301
0,005;2000;10;50;2,01;0,502939816208559;1,5289006792694
0,005;3000;10;50;2,02;0,498934262446607;1,5288841055705
0,01;1000;3;70;2,06;0,479407573489543;1,59031741857361
0,01;1500;3;70;2,06;0,478875303155834;1,58405767028363
0,01;1700;3;70;2,06;0,477338699418847;1,58327107054737
0,01;2000;3;70;2,05;0,485097185456049;1,56958405034599
0,01;3000;3;70;2,06;0,479123223980667;1,56966429621858
0,02;1000;3;70;2,06;0,477548886259414;1,57501800536294
0,02;1500;3;70;2,07;0,471179848578532;1,58167427814704
0,02;1700;3;70;2,06;0,476943269557978;1,57155634814361
0,02;2000;3;70;2,07;0,473550304114895;1,5745431651264
0,02;3000;3;70;2,07;0,471249420598712;1,57410579017322
0,05;1000;3;70;2,06;0,475064397964227;1,57211048906972
0,05;1500;3;70;2,08;0,464882381848739;1,57876426583598
0,05;1700;3;70;2,09;0,463373508466218;1,57944794440655
0,05;2000;3;70;2,1;0,456819214205283;1,58111777274699
0,05;3000;3;70;2,13;0,44078836853625;1,60481744888369
0,001;1000;3;70;2,36;0,41431667249254;1,86721652726567
0,001;1500;3;70;2,27;0,425501784471986;1,79020330992888
0,001;1700;3;70;2,24;0,429841807093017;1,7654911952292
0,001;2000;3;70;2,21;0,434864606326877;1,73695551993552
0,001;3000;3;70;2,15;0,448820790888096;1,67880385837292
0,002;1000;3;70;2,21;0,436110767464467;1,73506649694266
0,002;1500;3;70;2,15;0,448024702935127;1,67956856182008
0,002;1700;3;70;2,13;0,45138783780506;1,66746224435961
0,002;2000;3;70;2,12;0,455611669806726;1,65309514494628
0,002;3000;3;70;2,09;0,468296402635873;1,61802975418661
0,005;1000;3;70;2,1;0,462920941125252;1,63158920181183
0,005;1500;3;70;2,08;0,471971460680189;1,60784096922485
0,005;1700;3;70;2,07;0,474252590590741;1,6018217591958
0,005;2000;3;70;2,06;0,478697558135398;1,59478527619332
0,005;3000;3;70;2,06;0,478802265285266;1,58222927524373
0,01;1000;5;70;2,04;0,490540464343699;1,56177993298805
0,01;1500;5;70;2,04;0,488705196534044;1,55441234760206
0,01;1700;5;70;2,05;0,484547267531985;1,55862773478609
0,01;2000;5;70;2,04;0,488203801882844;1,55199913566162
0,01;3000;5;70;2,04;0,484927972625608;1,5498923420372
0,02;1000;5;70;2,04;0,486591504055078;1,55027580534078
0,02;1500;5;70;2,06;0,478012955435534;1,55830397720445
0,02;1700;5;70;2,05;0,479252529034584;1,55182142211194
0,02;2000;5;70;2,07;0,471949129765002;1,56437805120352
0,02;3000;5;70;2,08;0,464380481154403;1,5702889796448
0,05;1000;5;70;2,1;0,458817155742631;1,57759241962132
0,05;1500;5;70;2,11;0,452282100875174;1,59255423630711
0,05;1700;5;70;2,15;0,435569346586996;1,61936451728933
0,05;2000;5;70;2,13;0,442739911772731;1,60583366745125
0,05;3000;5;70;2,12;0,445067662245401;1,6075606312118
0,001;1000;5;70;2,32;0,434492058045804;1,82716564789287
0,001;1500;5;70;2,22;0,446213527739282;1,74053911853699
0,001;1700;5;70;2,19;0,450470813978808;1,71555940062934
0,001;2000;5;70;2,16;0,456287363815258;1,68841245718541
0,001;3000;5;70;2,1;0,470112422523462;1,63404729635394
0,002;1000;5;70;2,16;0,457250614961052;1,68761460845119
0,002;1500;5;70;2,1;0,470213572941106;1,63258517121439
0,002;1700;5;70;2,09;0,473230631271649;1,62043453897078
0,002;2000;5;70;2,08;0,475574362112146;1,6073734690418
0,002;3000;5;70;2,05;0,484934243879924;1,58119749494712
0,005;1000;5;70;2,06;0,482930640540452;1,58990586574017
0,005;1500;5;70;2,05;0,487032147283223;1,57345492510478
0,005;1700;5;70;2,05;0,486458482035407;1,57325930196428
0,005;2000;5;70;2,04;0,48993316566268;1,56431914976852
0,005;3000;5;70;2,03;0,490823172978991;1,55103649960398
0,01;1000;6;70;2,04;0,488598524623291;1,55817694111905
0,01;1500;6;70;2,02;0,495317380182608;1,54088552850055
0,01;1700;6;70;2,04;0,486219205578;1,55465968953472
0,01;2000;6;70;2,04;0,487972327744528;1,54691482385632
0,01;3000;6;70;2,05;0,480761523082432;1,55411712179673
0,02;1000;6;70;2,04;0,489293039924023;1,54188686535316
0,02;1500;6;70;2,04;0,486413903174945;1,54482513893266
0,02;1700;6;70;2,05;0,479511834381776;1,55624048494455
0,02;2000;6;70;2,05;0,478229146408508;1,56277472063413
0,02;3000;6;70;2,08;0,463329268754757;1,57557093073679
0,05;1000;6;70;2,09;0,460268457330796;1,57540226328922
0,05;1500;6;70;2,13;0,443024149635119;1,59832969279412
0,05;1700;6;70;2,12;0,451050651111358;1,59693545781673
0,05;2000;6;70;2,11;0,452395627373839;1,60229618602949
0,05;3000;6;70;2,19;0,416911047446704;1,65936737614421
0,001;1000;6;70;2,3;0,442747557004913;1,81405172497357
0,001;1500;6;70;2,2;0,455092064947669;1,72395556864863
0,001;1700;6;70;2,17;0,459300961653171;1,69883796222904
0,001;2000;6;70;2,15;0,463943850010259;1,6715564753016
0,001;3000;6;70;2,09;0,476746975223279;1,61808764095383
0,002;1000;6;70;2,15;0,463747569577582;1,67262739317085
0,002;1500;6;70;2,09;0,47551863005585;1,61853760213967
0,002;1700;6;70;2,08;0,480066504728102;1,60405235401928
0,002;2000;6;70;2,07;0,48248719664075;1,59280432613302
0,002;3000;6;70;2,05;0,48812513981582;1,57095476533039
0,005;1000;6;70;2,05;0,486115663037485;1,58024571706692
0,005;1500;6;70;2,04;0,492158667779337;1,56228404310329
0,005;1700;6;70;2,03;0,492541069550246;1,55783945931294
0,005;2000;6;70;2,03;0,49257785240571;1,55053378552243
0,005;3000;6;70;2,04;0,489764752874986;1,54830190160799
0,01;1000;8;70;2,03;0,493457399082469;1,54505543219912
0,01;1500;8;70;2,04;0,489523189467825;1,54137917611086
0,01;1700;8;70;2,02;0,4958943917629;1,53417748038059
0,01;2000;8;70;2,05;0,482723207987851;1,55045044924174
0,01;3000;8;70;2,06;0,477883027678869;1,55288361653735
0,02;1000;8;70;2,04;0,484653515088895;1,5456828812042
0,02;1500;8;70;2,06;0,477494592990394;1,55336242985812
0,02;1700;8;70;2,06;0,475266601644587;1,55778391873244
0,02;2000;8;70;2,06;0,476179105654607;1,55154933387254
0,02;3000;8;70;2,09;0,45978842386122;1,58020123291093
0,05;1000;8;70;2,09;0,460223632340149;1,5866239201473
0,05;1500;8;70;2,13;0,442322750558356;1,61334133021289
0,05;1700;8;70;2,18;0,421466050947328;1,64035540889135
0,05;2000;8;70;2,13;0,444140398466348;1,61470103295014
0,05;3000;8;70;2,2;0,412852913357952;1,66252764355761
0,001;1000;8;70;2,28;0,455692458898984;1,79377223655275
0,001;1500;8;70;2,18;0,466774946588506;1,70129693821678
0,001;1700;8;70;2,15;0,470857076921493;1,67701459437167
0,001;2000;8;70;2,13;0,474392320890981;1,65108997301722
0,001;3000;8;70;2,07;0,48471409174616;1,5964157023596
0,002;1000;8;70;2,13;0,47402848588571;1,65165168621578
0,002;1500;8;70;2,07;0,483353717822977;1,59876953144807
0,002;1700;8;70;2,06;0,48664046525304;1,58638526898133
0,002;2000;8;70;2,05;0,492038413765822;1,57140455937171
0,002;3000;8;70;2,04;0,492249242741443;1,55686415268334
0,005;1000;8;70;2,04;0,492190810982895;1,56332089217461
0,005;1500;8;70;2,03;0,494836164159097;1,54889561183359
0,005;1700;8;70;2,03;0,494812536243048;1,54576016024726
0,005;2000;8;70;2,03;0,494171057170816;1,54538630199419
0,005;3000;8;70;2,03;0,493710834986734;1,53774851722422
0,01;1000;10;70;2,02;0,49725491399485;1,53682203996835
0,01;1500;10;70;2,03;0,491867656479507;1,53720012019885
0,01;1700;10;70;2,04;0,485466254871593;1,54446217291036
0,01;2000;10;70;2,04;0,488785391550526;1,54246387964603
0,01;3000;10;70;2,06;0,477825566813188;1,55465173587909
0,02;1000;10;70;2,05;0,483852227125514;1,54674081947377
0,02;1500;10;70;2,07;0,470791391720467;1,56954467750435
0,02;1700;10;70;2,06;0,478650743058588;1,5533056663836
0,02;2000;10;70;2,09;0,461405912008396;1,57559929785203
0,02;3000;10;70;2,1;0,459027539412746;1,5780303477571
0,05;1000;10;70;2,12;0,445252414764456;1,59691700380454
0,05;1500;10;70;2,12;0,447274063506449;1,60138702078122
0,05;1700;10;70;2,12;0,446855451927962;1,61077057024977
0,05;2000;10;70;2,16;0,43009168958593;1,63306404381069
0,05;3000;10;70;2,18;0,423756451679674;1,65073210766015
0,001;1000;10;70;2,27;0,464728634761323;1,77881685574515
0,001;1500;10;70;2,17;0,473119663398432;1,68620965396638
0,001;1700;10;70;2,14;0,475006624944137;1,66519556003068
0,001;2000;10;70;2,11;0,479732930436482;1,63717970578222
0,001;3000;10;70;2,06;0,489219055870688;1,58293965073284
0,002;1000;10;70;2,11;0,479145182518266;1,63713715520501
0,002;1500;10;70;2,07;0,486065063201808;1,58792676107325
0,002;1700;10;70;2,05;0,489383378716029;1,57484101179719
0,002;2000;10;70;2,04;0,493094419667824;1,56185151434087
0,002;3000;10;70;2,03;0,4967572247553;1,54527981195218
0,005;1000;10;70;2,03;0,494834321418577;1,55030731551386
0,005;1500;10;70;2,03;0,494092770658488;1,54466583800951
0,005;1700;10;70;2,03;0,493650057356756;1,54011552608499
0,005;2000;10;70;2,03;0,493807061450333;1,5417197994839
0,005;3000;10;70;2,04;0,488281297233375;1,542425941299
