"mtry";"ntree";"maxnodes";"rmse";"r_squared";"mae"
2;100;10;2,25909874057229;0,410453689568316;1,78823196580182
2;300;10;2,25681410939894;0,411938201422912;1,78538977705437
2;500;10;2,25024309516379;0,415963090169715;1,78142385553524
2;700;10;2,24857253192142;0,416450828164348;1,77990243436655
2;900;10;2,24910575089608;0,417217399256203;1,78017424408407
2;1000;10;2,25404317427448;0,413085202755375;1,78494376356125
2;1300;10;2,24598264791033;0,418625773995972;1,77885959520819
2;1500;10;2,24999778619713;0,414899207405476;1,78191195235111
2;1700;10;2,25258147349737;0,413788753477643;1,78284221731799
2;2000;10;2,2529710872277;0,413684632000867;1,78400843549158
4;100;10;2,21891849943953;0,418670018071437;1,7620717522613
4;300;10;2,21268853824534;0,427987022616073;1,75539884859948
4;500;10;2,22213646769043;0,420006211615641;1,76191976905268
4;700;10;2,2167850477592;0,423402747816089;1,75845849660325
4;900;10;2,21521211521946;0,424573948005115;1,75724945103326
4;1000;10;2,21777325749705;0,423778779090925;1,75966999637685
4;1300;10;2,21466090351491;0,424862450711797;1,75599671623575
4;1500;10;2,21877221133741;0,423004425998636;1,75871736407496
4;1700;10;2,21901369730131;0,422645766701923;1,75938207674612
4;2000;10;2,22090734452635;0,421577554121432;1,76012734081924
6;100;10;2,2106091692873;0,424282739117616;1,75162998430272
6;300;10;2,19670074829052;0,430934577047239;1,74236292558009
6;500;10;2,20535189939674;0,427077303869648;1,74756804468599
6;700;10;2,20633415469556;0,425835521960933;1,74843293471066
6;900;10;2,20445385458553;0,426418525352272;1,74934975861541
6;1000;10;2,20122226266082;0,428440896178842;1,74573800094352
6;1300;10;2,19809206730402;0,43016201257429;1,74365618632144
6;1500;10;2,20297738815623;0,427856926772775;1,74603076306423
6;1700;10;2,204192574984;0,42661791273695;1,74943930992031
6;2000;10;2,20126755043902;0,429106912436061;1,74637912127048
8;100;10;2,18046205808689;0,439060059631401;1,73008656621208
8;300;10;2,20067263613724;0,426171991685024;1,74609653794093
8;500;10;2,19112961758414;0,432763848530765;1,73700425215732
8;700;10;2,1975018636314;0,429091022025526;1,74393146507484
8;900;10;2,19287416673284;0,431079620340252;1,73900554292857
8;1000;10;2,19460387366105;0,430125690067592;1,74138997515728
8;1300;10;2,19343382834533;0,430489281583931;1,74011987575886
8;1500;10;2,19548525611402;0,429490025376626;1,7403739606254
8;1700;10;2,19494545927451;0,429656446933226;1,74155385960902
8;2000;10;2,19221995077932;0,431453895053147;1,7386203102128
10;100;10;2,19353658742213;0,42761345302816;1,73883906299356
10;300;10;2,19137801391196;0,427786545730107;1,73746840444983
10;500;10;2,19154318206874;0,42939011427629;1,73915030166976
10;700;10;2,19136473900478;0,42945724033561;1,73857574440073
10;900;10;2,19031118224551;0,430680439832532;1,73785905386515
10;1000;10;2,19126970254081;0,430338029791689;1,73901615217166
10;1300;10;2,19196377962486;0,428640539377202;1,73828599561572
10;1500;10;2,18994560321645;0,430793757930895;1,73740175094056
10;1700;10;2,18558410031884;0,4334861947918;1,73357684238504
10;2000;10;2,18867181679288;0,431349390601311;1,73649845432979
12;100;10;2,18781659090498;0,428129040010501;1,73637887336882
12;300;10;2,18074533901197;0,434439218439016;1,72960069515037
12;500;10;2,18595364422508;0,430498237908585;1,73360008140935
12;700;10;2,18233991901883;0,433531471636606;1,73019069165597
12;900;10;2,18651250786641;0,430934501290313;1,73579589825349
12;1000;10;2,18645100707874;0,43088910282082;1,73493349156012
12;1300;10;2,18525997816631;0,431751439637466;1,73376182166221
12;1500;10;2,18491035188529;0,431729547025213;1,73308872527226
12;1700;10;2,18442763945854;0,431759876676594;1,73270296343455
12;2000;10;2,18679913979025;0,430645228889051;1,73455533727143
14;100;10;2,18722988403671;0,428304235172674;1,7292703975886
14;300;10;2,1885484241332;0,427050228738115;1,73205504528996
14;500;10;2,19208058803372;0,425573225442882;1,73946574150837
14;700;10;2,1833488679271;0,431348498987903;1,73240011996624
14;900;10;2,18274496914266;0,431305579405654;1,73089377274776
14;1000;10;2,17873241165192;0,43416762659427;1,72799549802567
14;1300;10;2,18071618801921;0,432812439537562;1,73022130974622
14;1500;10;2,18312160733947;0,431136603040474;1,73258347464761
14;1700;10;2,18378961850387;0,430953772222862;1,73185125109875
14;2000;10;2,18319892579064;0,43100118744025;1,7316013181557
16;100;10;2,19312678336876;0,425711148921347;1,73703464039207
16;300;10;2,18008448767506;0,433365573209438;1,72981795622649
16;500;10;2,18011081313294;0,432639053636297;1,72904174509857
16;700;10;2,17705876409694;0,433311513867266;1,72678195683696
16;900;10;2,17988224508754;0,432080220967612;1,73011320032384
16;1000;10;2,18030814431438;0,431874180417315;1,72906227563086
16;1300;10;2,18253393733476;0,430775442483225;1,73113651550895
16;1500;10;2,18177361981246;0,431400756272001;1,73004209956337
16;1700;10;2,18015025810519;0,432057824735381;1,72830277237042
16;2000;10;2,17984843584187;0,432506280416529;1,72835533616667
18;100;10;2,17989510048667;0,430294514973344;1,72757615883039
18;300;10;2,17771005482921;0,43358459436397;1,72755428873333
18;500;10;2,17836616867771;0,43271297945769;1,72483759670243
18;700;10;2,17778855863067;0,432026012373938;1,72753257753982
18;900;10;2,17972000111517;0,431563841770457;1,72721312825166
18;1000;10;2,17888721852369;0,432042104408509;1,72716113290891
18;1300;10;2,18012870401876;0,430451525055321;1,72909643896221
18;1500;10;2,17993424892363;0,431478964112892;1,72882441446727
18;1700;10;2,17830063971176;0,432091911646529;1,72656406441051
18;2000;10;2,17876893885678;0,432192023953448;1,72688913628747
20;100;10;2,18162795245943;0,429131337023441;1,72900374774065
20;300;10;2,17455540476719;0,433891905693523;1,72306060860259
20;500;10;2,17738622833197;0,431166186139392;1,72738678419979
20;700;10;2,17623973242027;0,431718945935645;1,72633115195434
20;900;10;2,17696819073555;0,432191168597768;1,72501624397501
20;1000;10;2,17675707419162;0,43257459557475;1,7260268259392
20;1300;10;2,18044242237634;0,429657180263963;1,7283085094934
20;1500;10;2,1788003534684;0,430238029863692;1,72763687748571
20;1700;10;2,17829206297439;0,431043915196441;1,72707012632835
20;2000;10;2,17960820547309;0,430132937628637;1,72750834998455
22;100;10;2,18128191254896;0,428474556558974;1,73034763041621
22;300;10;2,17821589610317;0,430818665358334;1,7267705568251
22;500;10;2,17933071915269;0,429824649068193;1,7280145299916
22;700;10;2,17705205492874;0,431191915578356;1,72589174399522
22;900;10;2,17643890791224;0,431618011160557;1,72415144500096
22;1000;10;2,17872490052517;0,430159164739424;1,72571609608385
22;1300;10;2,17762984959575;0,430680033430534;1,72513811666446
22;1500;10;2,17547320554534;0,432120058879869;1,7236361675027
22;1700;10;2,17910828219961;0,429863521471125;1,72754176583301
22;2000;10;2,17813745457015;0,430490289165271;1,72591759046403
24;100;10;2,17954074968555;0,427423067009377;1,72728481526696
24;300;10;2,18459643288625;0,426697092972156;1,72913993638827
24;500;10;2,18076214135792;0,428238952978927;1,7271582429421
24;700;10;2,17442842244397;0,432114441776724;1,72354159672795
24;900;10;2,17776760141997;0,42962394282712;1,72573907499782
24;1000;10;2,17545757641191;0,431088605973327;1,72414379386439
24;1300;10;2,17675301048099;0,430848455794988;1,72474024831593
24;1500;10;2,17759939523376;0,429821276407836;1,72436167507376
24;1700;10;2,18011400002919;0,428797605581002;1,72700402439027
24;2000;10;2,17669744821663;0,430441239871104;1,72400795152712
2;100;20;2,16506459491333;0,451711503237327;1,69708927426985
2;300;20;2,17594032851845;0,447835090390223;1,7095775506732
2;500;20;2,17886442534348;0,444041848679226;1,71220882312287
2;700;20;2,17085916686782;0,450560036861039;1,70646693467908
2;900;20;2,17459228031823;0,448348115824311;1,71006758317192
2;1000;20;2,17413201204381;0,44773547098328;1,70974007560664
2;1300;20;2,17428420410615;0,449011327489376;1,70976346683399
2;1500;20;2,17496523487621;0,447477969674823;1,70903542801773
2;1700;20;2,17523918295288;0,448225520935221;1,71034384176345
2;2000;20;2,17768723060005;0,446564753495066;1,7118169618417
4;100;20;2,14314583993425;0,457180867464025;1,68237249595104
4;300;20;2,13557589635416;0,463164590451451;1,67355845121794
4;500;20;2,14029956585221;0,458851138995591;1,67998027549249
4;700;20;2,13745911187228;0,461615549131887;1,6793408018036
4;900;20;2,13387709554562;0,462550839657646;1,67468281091552
4;1000;20;2,13946598235728;0,459196964685446;1,6795111313088
4;1300;20;2,13701482033307;0,460887889158355;1,6798628199754
4;1500;20;2,13704006383554;0,460683041994406;1,67807660645868
4;1700;20;2,13886182551587;0,459583911563655;1,67950224048494
4;2000;20;2,13873500154133;0,460220489649161;1,67832688610012
6;100;20;2,12667096323563;0,461874690636932;1,66698675336028
6;300;20;2,1253481182293;0,463706928656255;1,66727992303596
6;500;20;2,11601392369512;0,468917244936273;1,66022809597414
6;700;20;2,12288167022015;0,465190780461584;1,66618538715351
6;900;20;2,12267104639134;0,464896760690766;1,66718326560087
6;1000;20;2,12207988948063;0,46632861252607;1,66575638062576
6;1300;20;2,11951711349166;0,467705943155148;1,66258217099862
6;1500;20;2,12224344173041;0,466035059219473;1,6663768398892
6;1700;20;2,12329496617714;0,464770183897986;1,66561179065049
6;2000;20;2,12229857537443;0,46548079267621;1,66434477871825
8;100;20;2,11042646614449;0,468454912057938;1,65347520417744
8;300;20;2,11236013476295;0,468869965398906;1,65762149324783
8;500;20;2,11066650907696;0,469065385525339;1,65659719287964
8;700;20;2,11458612728812;0,466457030009401;1,66085422419684
8;900;20;2,11396124886583;0,467275496416223;1,65856258991116
8;1000;20;2,11409747532708;0,466860835202716;1,66088571247631
8;1300;20;2,11154596174003;0,468516845934416;1,6574494639135
8;1500;20;2,1148246185371;0,466712408361468;1,65955541321578
8;1700;20;2,11549427611743;0,466373636904004;1,66056867204435
8;2000;20;2,1125035905453;0,467589184502719;1,65890553397361
10;100;20;2,11399096672951;0,465572810952334;1,66322686119564
10;300;20;2,10571200750295;0,469069833986667;1,65401507953433
10;500;20;2,10566166361591;0,469366219286641;1,65379688550633
10;700;20;2,10657645116213;0,468822962108829;1,65484086964622
10;900;20;2,10864289770896;0,467717920514451;1,65630996911834
10;1000;20;2,11061157826869;0,466934292644614;1,6566967604867
10;1300;20;2,10967586938401;0,46670764825356;1,657714303333
10;1500;20;2,10655483893933;0,468516140246497;1,65341387699158
10;1700;20;2,10776089796762;0,468355348516481;1,656793889302
10;2000;20;2,1096723114955;0,467048935004182;1,65713543050965
12;100;20;2,11280589027914;0,46311271360695;1,65376941590045
12;300;20;2,11375216781656;0,462987238793298;1,66071221697068
12;500;20;2,10746873244365;0,466739901013721;1,65641731285718
12;700;20;2,10725205881121;0,466923742403009;1,65387720990479
12;900;20;2,10423012880938;0,467878956815819;1,65338325560914
12;1000;20;2,10271016503569;0,469098196942818;1,65048618178406
12;1300;20;2,10396475057353;0,468370837774742;1,65299086428552
12;1500;20;2,1027294133864;0,469518377051045;1,65112707465233
12;1700;20;2,10532733813568;0,46753422983141;1,65372578189864
12;2000;20;2,10634688244413;0,46710727726557;1,65427832451019
14;100;20;2,10751576512378;0,463351081125267;1,6526430180847
14;300;20;2,1055205615322;0,464788834679378;1,65341044276186
14;500;20;2,10087825166247;0,469305523651275;1,65058624366696
14;700;20;2,10268026238007;0,468787291496485;1,65199024898147
14;900;20;2,10305991696476;0,467268642921226;1,65197343537704
14;1000;20;2,10109960793896;0,468619737762596;1,64989860438272
14;1300;20;2,10220999006271;0,467750200188469;1,65132417336976
14;1500;20;2,10218107846187;0,467926821340567;1,65137964300053
14;1700;20;2,10158183260931;0,468365957589773;1,65121648353952
14;2000;20;2,10048988742795;0,469033536176867;1,64978819731852
16;100;20;2,10098450485407;0,466711327957358;1,64945775312471
16;300;20;2,09671179340506;0,470018396966391;1,6448803679755
16;500;20;2,09919795537705;0,469133887685528;1,64898618430189
16;700;20;2,09904871343171;0,468244425458852;1,64957704956279
16;900;20;2,09753435864934;0,469470536866434;1,64677132248132
16;1000;20;2,10091268962115;0,467337352856867;1,64972587643929
16;1300;20;2,10003871862813;0,467987467988269;1,64918949240878
16;1500;20;2,09947452647841;0,468808533058847;1,6486382895979
16;1700;20;2,09861470684748;0,468625944288751;1,64845991988929
16;2000;20;2,09767520276732;0,468950502216818;1,64782509923344
18;100;20;2,09403094889317;0,470219095005408;1,64210003439362
18;300;20;2,09830047720727;0,46776071867334;1,6475565111471
18;500;20;2,09586951644619;0,468929564082771;1,64656550123353
18;700;20;2,09866968374504;0,467642926958105;1,64802045831863
18;900;20;2,09646758332669;0,46878343290012;1,64738428269229
18;1000;20;2,09961146767646;0,467006512824403;1,64903152737363
18;1300;20;2,10063883767272;0,466323438407043;1,65050697754607
18;1500;20;2,10118139875234;0,466291405298779;1,65114961801004
18;1700;20;2,09654604854381;0,469191686192036;1,64581994278081
18;2000;20;2,09946485599523;0,466767872520387;1,64936918413612
20;100;20;2,08765497445523;0,472948109741769;1,63893300944431
20;300;20;2,10104748858599;0,46492861831219;1,65000734650865
20;500;20;2,10217194633379;0,465003637471773;1,6507712245594
20;700;20;2,09958469107247;0,46621926230655;1,64799757547888
20;900;20;2,10202853401357;0,465296079479923;1,65043143153788
20;1000;20;2,09764817301417;0,467158500895455;1,64815925796796
20;1300;20;2,099257933452;0,466687600555953;1,64748936285389
20;1500;20;2,10048086067821;0,466067656899767;1,64972067275546
20;1700;20;2,09844959287148;0,466883281406963;1,64756072969474
20;2000;20;2,10095621566682;0,465329209043632;1,65001940578048
22;100;20;2,10742225178875;0,460263997350582;1,65273464244192
22;300;20;2,09921388445543;0,465741192026654;1,64912551684307
22;500;20;2,09983306307457;0,465526254037623;1,64810100581191
22;700;20;2,1025810439568;0,4630471963872;1,65093088494871
22;900;20;2,10137350799382;0,464536622249997;1,65067511669463
22;1000;20;2,10133801541226;0,464203400933856;1,64869484284617
22;1300;20;2,10179517512136;0,464906579395006;1,65073418510032
22;1500;20;2,09959306796996;0,465611129206666;1,64680934286803
22;1700;20;2,09966571299472;0,465778402369585;1,6477373279796
22;2000;20;2,10000740219156;0,465291759718049;1,64905748310171
24;100;20;2,10415655228727;0,461380741314931;1,64895708711629
24;300;20;2,10098599781196;0,464555869267573;1,64944332850342
24;500;20;2,10146048343787;0,463869003451401;1,64943234278304
24;700;20;2,10112717832301;0,463888317669217;1,64849337891668
24;900;20;2,103516190351;0,462498859848043;1,65124097314479
24;1000;20;2,10153661551088;0,464025557726328;1,64927755281751
24;1300;20;2,10126109179542;0,46400730038341;1,64842690982207
24;1500;20;2,10037098963875;0,464296548620284;1,64875796643239
24;1700;20;2,09935319501182;0,464935562217839;1,64735389516963
24;2000;20;2,10052809977764;0,464104107491521;1,64907230242562
2;100;30;2,12355408519266;0,471082662931431;1,65547389646297
2;300;30;2,14027330175532;0,462178694068175;1,67056447167306
2;500;30;2,12842306143219;0,469000146849593;1,66329858848244
2;700;30;2,13258488554331;0,465875143428428;1,66566521429418
2;900;30;2,13214716852954;0,467231612023703;1,66482806461042
2;1000;30;2,13402447031744;0,465852952451887;1,66560271560786
2;1300;30;2,13378846930493;0,465954088035344;1,66474640647222
2;1500;30;2,13232461515622;0,466854616310623;1,66632352495791
2;1700;30;2,13092875086481;0,467661948390068;1,6632055783215
2;2000;30;2,13233075596127;0,466326767669014;1,66529204991582
4;100;30;2,08914139676834;0,481332057322466;1,62496200992148
4;300;30;2,09161987441665;0,480563530370733;1,63011494749
4;500;30;2,10031929829254;0,476535424905569;1,63736231342789
4;700;30;2,09218609023102;0,481844781992633;1,63155451931177
4;900;30;2,0994169378723;0,477071464321457;1,63545059206692
4;1000;30;2,09402937261075;0,480384078396828;1,63047739022901
4;1300;30;2,09536543657853;0,479854079091253;1,63190899402475
4;1500;30;2,09735877649793;0,478416113429518;1,6337893697477
4;1700;30;2,09825315702573;0,478114971144408;1,63298554840715
4;2000;30;2,09538304187337;0,479659923986058;1,63143771524749
6;100;30;2,06591751819678;0,491770775692391;1,60608731393632
6;300;30;2,07467806178251;0,486974965229238;1,61251082815609
6;500;30;2,08133065524767;0,483932295029368;1,61935030361904
6;700;30;2,07569612739064;0,487187934515499;1,61428623358027
6;900;30;2,08142835809443;0,484953875687774;1,61966423036952
6;1000;30;2,07570329064234;0,486425024782739;1,6161466454604
6;1300;30;2,07454002832419;0,487252649876026;1,61396776377589
6;1500;30;2,07804243114239;0,485417316440733;1,61723926239346
6;1700;30;2,07633485620296;0,486329002823292;1,61565619738856
6;2000;30;2,07560418146523;0,486609198142222;1,61529186725623
8;100;30;2,07074582071955;0,485057514358623;1,60935526498356
8;300;30;2,06810476730083;0,487960702162209;1,60889361123676
8;500;30;2,06795246342992;0,488194642379681;1,60922335877068
8;700;30;2,06624982316947;0,489605366141001;1,60669679424246
8;900;30;2,06583982130252;0,488732046008049;1,60639413984669
8;1000;30;2,06970854801031;0,486865340300294;1,61025055852529
8;1300;30;2,06667609340306;0,489682000564044;1,60703200160375
8;1500;30;2,06617086407912;0,489083308444795;1,60727734999102
8;1700;30;2,06850712492982;0,488071475812777;1,61007824847178
8;2000;30;2,06681458788043;0,488946925951491;1,60666822613222
10;100;30;2,07256034276795;0,482081170795838;1,61189649149701
10;300;30;2,06631507050431;0,486187721172619;1,60836715864486
10;500;30;2,05770185099075;0,491363339936843;1,60225617994032
10;700;30;2,06286716867812;0,488999565842545;1,60703056274644
10;900;30;2,06259566069915;0,488717982531465;1,60534597632258
10;1000;30;2,06376711088431;0,488489594307488;1,60602912472357
10;1300;30;2,06336802257445;0,488307193168113;1,60668098241953
10;1500;30;2,06276785263923;0,488944537529334;1,60505064432017
10;1700;30;2,05899159698738;0,490718076799599;1,6020391750858
10;2000;30;2,06184240530058;0,489356145578528;1,60459104776667
12;100;30;2,06317155073413;0,485756447480636;1,60369131915163
12;300;30;2,06005553439086;0,489584152720285;1,60072591664502
12;500;30;2,06322662810611;0,486939451223954;1,60639647104916
12;700;30;2,05787874064583;0,489237303220583;1,60176675091944
12;900;30;2,06040571347932;0,488331877077468;1,60323129047959
12;1000;30;2,06035316720228;0,488607458985642;1,60422557789718
12;1300;30;2,05963948707832;0,489126477374378;1,60288510805857
12;1500;30;2,05847063039372;0,490199960180653;1,60251722761494
12;1700;30;2,05799160178414;0,490470261197738;1,60178420720745
12;2000;30;2,05959411914655;0,489102714869754;1,60247398591617
14;100;30;2,05837999738288;0,488025111686223;1,60251088113196
14;300;30;2,0650541283927;0,485093000765713;1,60723865210938
14;500;30;2,05560889488017;0,489732239251871;1,60214510250684
14;700;30;2,05673553462923;0,489218615308781;1,60103408470896
14;900;30;2,05757302553628;0,489139524365545;1,60123324744957
14;1000;30;2,05812020374156;0,488911085494388;1,60197724031552
14;1300;30;2,06155055187205;0,486793537290321;1,6053116669142
14;1500;30;2,05954884049825;0,487961693081878;1,60345771507555
14;1700;30;2,05934003958717;0,487860598114732;1,60279783402687
14;2000;30;2,05461630367634;0,490727589051816;1,59925375687974
16;100;30;2,05607343132495;0,488221060223563;1,60221033487548
16;300;30;2,0577774234175;0,4873016525368;1,60420673854048
16;500;30;2,06120415275417;0,48554069172945;1,60461712630119
16;700;30;2,05831612260373;0,488343836638814;1,60155835882836
16;900;30;2,05373044050661;0,489384392895816;1,59875973567343
16;1000;30;2,0571258340536;0,487813584405307;1,60388818388323
16;1300;30;2,06033051301844;0,486696734896338;1,60302544419553
16;1500;30;2,057055560893;0,488191932950337;1,60168231153041
16;1700;30;2,05776661895083;0,487772498511223;1,60153494217652
16;2000;30;2,05509684130975;0,489299676892868;1,59924792738566
18;100;30;2,05680655140687;0,487093121897623;1,60459230441879
18;300;30;2,05959297821893;0,485521398397263;1,60272260640568
18;500;30;2,05850382940376;0,486615641871064;1,60288102081427
18;700;30;2,05406525816592;0,488433923367476;1,5988735318519
18;900;30;2,05830756388661;0,486124177291997;1,60418590401543
18;1000;30;2,05532889902274;0,48861330217655;1,60031808509708
18;1300;30;2,0576086640437;0,486961824032938;1,60279835305136
18;1500;30;2,05963165079555;0,486369775009781;1,60373289970667
18;1700;30;2,05556109540619;0,488071675229046;1,60012671765593
18;2000;30;2,05804416412386;0,486899453059306;1,6020739929957
20;100;30;2,05655942677448;0,486583990563795;1,60187607024609
20;300;30;2,06013436638187;0,484305350749463;1,60274382849185
20;500;30;2,05403513088971;0,48820630592119;1,59918753994851
20;700;30;2,05941898194842;0,485289368988397;1,60335042090813
20;900;30;2,05660692295944;0,486330832226102;1,60051397545706
20;1000;30;2,06077405255669;0,48426890734096;1,60621833411373
20;1300;30;2,05835188907902;0,486074018214689;1,6029537194648
20;1500;30;2,05552251704228;0,487182475439388;1,60063427321779
20;1700;30;2,0588622717509;0,485426235733598;1,60341985648605
20;2000;30;2,05744996834951;0,48610105462803;1,60196369975415
22;100;30;2,05457407986802;0,48683197306948;1,60305721566009
22;300;30;2,06150004696914;0,483888741108691;1,60621315882135
22;500;30;2,0596839038747;0,484088302489161;1,60545766851702
22;700;30;2,0641001498161;0,482264251856874;1,60789531917614
22;900;30;2,060371848713;0,484024687545244;1,60372410692297
22;1000;30;2,0626427819948;0,482712871430954;1,60461687039093
22;1300;30;2,05931854144025;0,485067001113239;1,60363278259966
22;1500;30;2,06069870829727;0,483998342144522;1,60492302372182
22;1700;30;2,0569842781054;0,48603686465731;1,60238247563595
22;2000;30;2,05863765180183;0,485310189649477;1,60376166959254
24;100;30;2,07556179395836;0,474966804316026;1,62144876673996
24;300;30;2,0575433583631;0,484823156471636;1,60321075116649
24;500;30;2,05808652508536;0,485253564443758;1,60119805442958
24;700;30;2,06249638890768;0,482188793429844;1,60545977331184
24;900;30;2,06342680222481;0,481944202327828;1,6078136820126
24;1000;30;2,0596361471019;0,483486684165572;1,60505981601383
24;1300;30;2,0615924657061;0,483014348851233;1,60423615390832
24;1500;30;2,06033566654667;0,48374868981441;1,60435426954262
24;1700;30;2,05722144717424;0,485584602745702;1,60149856425239
24;2000;30;2,06022508804238;0,48386832774068;1,60435927033578
2;100;40;2,1051864556353;0,477744710721147;1,63978584691709
2;300;40;2,10933283189225;0,476402733578987;1,64268773904176
2;500;40;2,10795164213145;0,478684543435343;1,64155989599605
2;700;40;2,11140991933086;0,475301122173262;1,64289541359797
2;900;40;2,1041911678521;0,479344945836209;1,63844416481827
2;1000;40;2,10770787242952;0,477303748956915;1,64166526012367
2;1300;40;2,10713305313703;0,477169933267408;1,64120175479094
2;1500;40;2,10799705568079;0,477563550658972;1,64108993427897
2;1700;40;2,10974516223916;0,476398086501542;1,64280024212741
2;2000;40;2,10672921108376;0,478363030388733;1,64033026291223
4;100;40;2,08320606715371;0,484594953158817;1,6182643221385
4;300;40;2,06194257189354;0,494720431371956;1,60069244185222
4;500;40;2,07528937163085;0,488864705039296;1,61171406083584
4;700;40;2,07560348631166;0,488677061281064;1,61123396390761
4;900;40;2,06813578121524;0,492586271877012;1,6064556112577
4;1000;40;2,07104664514733;0,491120059334741;1,60853701454008
4;1300;40;2,07230426085021;0,489505647266136;1,60975956738146
4;1500;40;2,07131814455726;0,49068903103468;1,60869496915311
4;1700;40;2,07120733791144;0,490761606394825;1,60814712141531
4;2000;40;2,07073894359434;0,491200809327413;1,60751209232398
6;100;40;2,05617462718363;0,495012186695548;1,59848302954985
6;300;40;2,05814980559231;0,493687033579566;1,59589685976194
6;500;40;2,05314447092076;0,497089868944075;1,59559331380176
6;700;40;2,05405176858574;0,496066882332597;1,59568078500296
6;900;40;2,0570385278131;0,494391451329392;1,59595490717446
6;1000;40;2,05882322603576;0,494123080236243;1,59794462590455
6;1300;40;2,05569440965848;0,495937249734407;1,59631782339565
6;1500;40;2,06074255734;0,492628856916742;1,60015925533602
6;1700;40;2,05845780198812;0,494797260850743;1,597984451001
6;2000;40;2,05882263552601;0,493944875014961;1,59847541601229
8;100;40;2,0585806089343;0,493374520129881;1,59880052930137
8;300;40;2,04830713059632;0,495900052763062;1,58971920186454
8;500;40;2,04611159158228;0,498438664481863;1,59023710431904
8;700;40;2,04914434212787;0,496861757139432;1,59173897775478
8;900;40;2,05042434379538;0,496305620574545;1,59143760127963
8;1000;40;2,04597878968042;0,49828368721589;1,58933385349861
8;1300;40;2,05508073090813;0,493866575035277;1,59648031080187
8;1500;40;2,04997755817539;0,496357672725818;1,59222015096642
8;1700;40;2,05108833719168;0,495120249099828;1,59386741612554
8;2000;40;2,05075841171079;0,495501228318207;1,59327694377732
10;100;40;2,05177907169632;0,492003546359198;1,59490097244174
10;300;40;2,05569214805807;0,490748580412412;1,59789876029521
10;500;40;2,0502993215571;0,494695467141752;1,59431187911352
10;700;40;2,05231810799654;0,492818983240204;1,59538083716445
10;900;40;2,0448402632315;0,496524945985354;1,58911648042048
10;1000;40;2,047719817891;0,495328374378443;1,59118885412902
10;1300;40;2,04636933421287;0,495846236463862;1,59104457005205
10;1500;40;2,04869602007509;0,495413848088806;1,59190218458506
10;1700;40;2,04650783645095;0,495913713351985;1,58974801957916
10;2000;40;2,04594453518238;0,496278625022127;1,59004720194055
12;100;40;2,04887536666726;0,493018768235979;1,58670740631188
12;300;40;2,05005658574073;0,492868684339959;1,59166899497054
12;500;40;2,04079552792488;0,496640248077472;1,58482912360683
12;700;40;2,04817747723902;0,493742824359229;1,59140665453058
12;900;40;2,04543743408231;0,495246505061867;1,58937309677598
12;1000;40;2,04680767691883;0,494213910178334;1,59248857819931
12;1300;40;2,04596437387303;0,495470313866597;1,59039825090425
12;1500;40;2,04547920203586;0,495055587753291;1,59002297096727
12;1700;40;2,04530922590586;0,495503733335963;1,59018040709806
12;2000;40;2,04773515219462;0,493751607572261;1,59175598852307
14;100;40;2,04475814556985;0,496053273387765;1,58920250926789
14;300;40;2,05259519325976;0,489610430002771;1,59720631405543
14;500;40;2,04431029685874;0,494205373915428;1,58936611109579
14;700;40;2,04581826584998;0,494001205014891;1,58886455086037
14;900;40;2,04900476676811;0,49252004909758;1,5912861518809
14;1000;40;2,04085090594987;0,496561692567673;1,58691584816984
14;1300;40;2,04591741087363;0,493764536799289;1,59008935760511
14;1500;40;2,046419492971;0,493518293022611;1,59030153262533
14;1700;40;2,04369923408373;0,495047044213204;1,58837266383643
14;2000;40;2,04816855425946;0,492796768834289;1,59144022004894
16;100;40;2,06074755353671;0,483891932545809;1,60634067407499
16;300;40;2,04965904405344;0,490839837805447;1,59312226579793
16;500;40;2,04831371788538;0,491482030774483;1,59066412146652
16;700;40;2,04532190360685;0,493000685074206;1,58970373837724
16;900;40;2,04288949052329;0,494620797184;1,58768930917111
16;1000;40;2,04674789158074;0,492251933098576;1,59168305805006
16;1300;40;2,04418399734484;0,493936229521857;1,58816830990639
16;1500;40;2,04493109288141;0,493236128700012;1,58882180752614
16;1700;40;2,04500553240377;0,493141114937931;1,58869780253696
16;2000;40;2,04298979900312;0,494419668402247;1,58695751682805
18;100;40;2,03845370702429;0,494442158713861;1,5852113032351
18;300;40;2,04493386775603;0,492730572345151;1,59108558516275
18;500;40;2,03403511018756;0,498554841670387;1,5814172964837
18;700;40;2,04667320207969;0,491952371610532;1,59129700732184
18;900;40;2,04770919077635;0,491719594169987;1,5922553210612
18;1000;40;2,0444822010248;0,492933066527519;1,58807850144053
18;1300;40;2,05119911666224;0,489459842799395;1,59365419393676
18;1500;40;2,04207569236925;0,494340892066016;1,58691627200468
18;1700;40;2,04521001035606;0,492527854114086;1,58949939273564
18;2000;40;2,04544258189101;0,492612578257322;1,58958560032814
20;100;40;2,04287090317448;0,492233940216619;1,58758358986042
20;300;40;2,03944179980259;0,494731311726805;1,58784825234097
20;500;40;2,04512183328459;0,492551826558793;1,58908846486404
20;700;40;2,04731062519426;0,490982773492869;1,59138818827661
20;900;40;2,04519122955309;0,492183442027647;1,59010907866938
20;1000;40;2,04552953809299;0,491799583002735;1,58892826906685
20;1300;40;2,04809405097719;0,490308199838697;1,59189547959726
20;1500;40;2,04713607777105;0,490661607594805;1,59042510305261
20;1700;40;2,04820561365667;0,49032514814134;1,59209083764447
20;2000;40;2,04680710436504;0,490833842125156;1,590538627234
22;100;40;2,05057936932527;0,48878280632057;1,59443822288256
22;300;40;2,05016784498339;0,48760286170001;1,59215496504691
22;500;40;2,0446808542572;0,490787843668178;1,58782991949826
22;700;40;2,04485684964676;0,491117660886285;1,58745757896245
22;900;40;2,0506633116627;0,48742703213754;1,59199961545663
22;1000;40;2,04864402604868;0,489562439146242;1,59101409750406
22;1300;40;2,04968025956757;0,489140142626877;1,59369940755881
22;1500;40;2,05059194513379;0,48889241760256;1,59387614038061
22;1700;40;2,04924520754106;0,488946820983806;1,59280925212611
22;2000;40;2,04965015981734;0,488984110393644;1,5927934317568
24;100;40;2,04982987484507;0,487545582734262;1,59354883473504
24;300;40;2,05257231581405;0,487006776368185;1,59656027178281
24;500;40;2,04944325793543;0,48873010205469;1,59317966525837
24;700;40;2,0498498090897;0,488031674926199;1,5942284815313
24;900;40;2,05293747695208;0,486901353618768;1,59443041796186
24;1000;40;2,047848741978;0,489305165057153;1,5907724356632
24;1300;40;2,04843587379447;0,489553117960185;1,59019105203421
24;1500;40;2,0505378045307;0,488108102016547;1,59307226614566
24;1700;40;2,04696659606267;0,49007863433585;1,59165185449357
24;2000;40;2,05065292072573;0,487947955249175;1,59346197311185
2;100;50;2,08006940624642;0,488295300072275;1,61302573990169
2;300;50;2,08114307659817;0,489651579517245;1,61374686150401
2;500;50;2,08857750221728;0,485801993677442;1,6187275722988
2;700;50;2,08674747139769;0,486683691004252;1,62003225413267
2;900;50;2,08410942222599;0,48791090379155;1,61816266908942
2;1000;50;2,08556619897861;0,487570703817358;1,61774347690132
2;1300;50;2,08861850136249;0,485349890276311;1,62139210898735
2;1500;50;2,08538494609722;0,487356618127795;1,6181241244603
2;1700;50;2,08634650508735;0,486782807315833;1,61974766029097
2;2000;50;2,0845949167231;0,487969019202115;1,61818232026441
4;100;50;2,05749041788875;0,496449258168448;1,59407863438014
4;300;50;2,05831968680865;0,495986527712762;1,59074248070786
4;500;50;2,05393647399336;0,498104905558585;1,58950411694095
4;700;50;2,04537968681623;0,502843342306905;1,58291892097298
4;900;50;2,05467316736367;0,498039888712554;1,59110476491717
4;1000;50;2,05799451898358;0,495883259436594;1,59393445235277
4;1300;50;2,05169097449238;0,49905766401655;1,58885692808357
4;1500;50;2,04977004276853;0,50028371955035;1,58678402357221
4;1700;50;2,05088963187755;0,499421580002203;1,58794040118205
4;2000;50;2,05324817433747;0,498571685672579;1,59096956794641
6;100;50;2,03937246867327;0,501982110546096;1,5787632250519
6;300;50;2,03940342837609;0,503042581990069;1,57760969478468
6;500;50;2,03867288036749;0,502513857354433;1,57679378427353
6;700;50;2,03680049208497;0,503625845248141;1,57560768889556
6;900;50;2,0366213934959;0,503623818171408;1,57717474051027
6;1000;50;2,03534040919673;0,504888152646153;1,57505422474736
6;1300;50;2,0387827077935;0,502801722390686;1,57861357145486
6;1500;50;2,03488414412392;0,504611209196692;1,57470756092166
6;1700;50;2,03791297712703;0,502806869574354;1,57810877955657
6;2000;50;2,03868660685653;0,503014696000638;1,57784967280842
8;100;50;2,02549974910365;0,50718358277548;1,57121789987852
8;300;50;2,0387143023566;0,499025537604241;1,57805352444302
8;500;50;2,02715848861858;0,505563586530915;1,57100698944945
8;700;50;2,03201931537007;0,50383357896964;1,57233486349182
8;900;50;2,02862697805208;0,505604875666064;1,57159265830504
8;1000;50;2,02858239340293;0,505329589516853;1,56963164917909
8;1300;50;2,02906436514933;0,505722412433767;1,57118003894132
8;1500;50;2,02525910856242;0,507586718470949;1,56961099277375
8;1700;50;2,02876894772362;0,505359608495696;1,57341631685931
8;2000;50;2,02900218903171;0,505744058987097;1,57117353573727
10;100;50;2,02590930565269;0,504202404516292;1,5679641120577
10;300;50;2,02999646331951;0,503493548576322;1,5718926615635
10;500;50;2,0306061160326;0,502175916631828;1,5743664895342
10;700;50;2,02627972163977;0,504444628912256;1,56871235092456
10;900;50;2,02818869825037;0,503727073876968;1,57117549130673
10;1000;50;2,02448611729029;0,506429313907879;1,56846010749219
10;1300;50;2,02744625887957;0,504227608767651;1,57147316979973
10;1500;50;2,02925156765726;0,503228995812425;1,57246571102619
10;1700;50;2,02593585309487;0,505741637295931;1,56997258968803
10;2000;50;2,02414389791552;0,506502311584384;1,56833010043466
12;100;50;2,02624935205186;0,502597958603166;1,57396474713474
12;300;50;2,01653717936231;0,508544519476827;1,56183279982257
12;500;50;2,0209081506451;0,506694925754075;1,56598676788071
12;700;50;2,02348880019776;0,504899909951104;1,56838029365255
12;900;50;2,02097890617081;0,506618242228733;1,56480172507291
12;1000;50;2,02108220803657;0,506147735963782;1,56668315032535
12;1300;50;2,01957854811543;0,506833266196919;1,56443775102402
12;1500;50;2,0216331209597;0,50688916464922;1,56644776582348
12;1700;50;2,02612048861927;0,503908464194838;1,56995315498459
12;2000;50;2,02096995188568;0,506238822426308;1,56589012025
14;100;50;2,03885052186377;0,496692915577313;1,57791750310874
14;300;50;2,02252259731947;0,504746361689484;1,56577733183273
14;500;50;2,01906096862374;0,50571784226202;1,56454811118499
14;700;50;2,02117466918316;0,505435973240696;1,56727525244749
14;900;50;2,02018421980566;0,50593964491171;1,56480307147716
14;1000;50;2,02472421967334;0,50351942169142;1,57000498589057
14;1300;50;2,02109149762047;0,505865068935624;1,56534414660494
14;1500;50;2,02106010368774;0,505171279369722;1,56530403150385
14;1700;50;2,02346254130211;0,503928437090503;1,56747254478963
14;2000;50;2,02346347328142;0,504228192948503;1,568796425957
16;100;50;2,01612873000411;0,506550414592862;1,56369787682951
16;300;50;2,02502245030525;0,502756736005163;1,57075531291712
16;500;50;2,01559488073255;0,506591789508103;1,56057536545608
16;700;50;2,01602975818187;0,507574965787445;1,561339377978
16;900;50;2,02249658221136;0,503728011242891;1,56697837265749
16;1000;50;2,01800330952878;0,506241142926741;1,56362261825076
16;1300;50;2,0210026355094;0,504399720557942;1,56640566591428
16;1500;50;2,0200906878464;0,505401005487708;1,56397364659167
16;1700;50;2,02139700383421;0,504338379105221;1,56621003382736
16;2000;50;2,01712692374375;0,506728311438419;1,56299196224812
18;100;50;2,02373043778363;0,50165293671668;1,5704214882836
18;300;50;2,0179550944441;0,506144193245252;1,563402316012
18;500;50;2,02362953238485;0,502391707301175;1,56812836062144
18;700;50;2,02601885333593;0,501890519976818;1,56869305867371
18;900;50;2,01792325200365;0,505401352317265;1,56087082981587
18;1000;50;2,0202667924215;0,504063070029199;1,56501656002301
18;1300;50;2,02411953995762;0,502326828736515;1,56948958252613
18;1500;50;2,02094419613099;0,504124109081589;1,56495603860298
18;1700;50;2,02009483595349;0,504637537806272;1,5644776836842
18;2000;50;2,02127926909001;0,504011982130097;1,56431044210151
20;100;50;2,03133882143638;0,496488758146017;1,5717798505775
20;300;50;2,01790575057251;0,504507816610192;1,56270363383544
20;500;50;2,02379038921905;0,501921778421761;1,57081338776055
20;700;50;2,02382171149859;0,501936286710558;1,56662053664296
20;900;50;2,02215150177489;0,502911179408504;1,56490643408578
20;1000;50;2,0209828709083;0,503224095273776;1,56575395539536
20;1300;50;2,0207337505241;0,503155955388602;1,56569331881733
20;1500;50;2,02311311911321;0,501784075157862;1,5663684273041
20;1700;50;2,01822248677064;0,504716160943561;1,56285880329618
20;2000;50;2,02021371527242;0,504083089326533;1,56407912930622
22;100;50;2,02440542211663;0,498733578334559;1,57006335705933
22;300;50;2,03244385814823;0,496242041458727;1,57453850222421
22;500;50;2,0153362179042;0,506411667815307;1,56096390557764
22;700;50;2,01779692490693;0,504296352981863;1,56221818167961
22;900;50;2,02352248960094;0,50125343396732;1,56551227979114
22;1000;50;2,02585167659603;0,500453171706752;1,5684165018647
22;1300;50;2,02313965997083;0,50162683991179;1,56766620209818
22;1500;50;2,02281677982053;0,501647083699678;1,56724161450831
22;1700;50;2,02508913045296;0,500674144292715;1,56784534154203
22;2000;50;2,02182291141876;0,502412138630181;1,56604944548678
24;100;50;2,0330929944037;0,495600986041469;1,57394014831377
24;300;50;2,03040360664843;0,497782072296311;1,56905515070435
24;500;50;2,02411971316494;0,500131595456488;1,5660726222169
24;700;50;2,02888485045611;0,497878940670233;1,57190821380387
24;900;50;2,02535894274157;0,500371822533845;1,56719331703081
24;1000;50;2,02737522926924;0,498998418322081;1,56785157677973
24;1300;50;2,02209489000067;0,502231398742085;1,56438278636361
24;1500;50;2,02480573591968;0,500681555897334;1,56756799736115
24;1700;50;2,02627076811792;0,499882263620854;1,56823010215838
24;2000;50;2,02434566632271;0,500671789516954;1,56703219617221
2;100;60;2,07362593127833;0,489674165184011;1,60417211004917
2;300;60;2,06948897118174;0,494937059359237;1,60196925876054
2;500;60;2,06606365409166;0,495368013285139;1,59894964955617
2;700;60;2,07512998221302;0,491742820164145;1,60605109181773
2;900;60;2,06829651999103;0,494576238536028;1,60173818287479
2;1000;60;2,07672963203437;0,490695058381533;1,60864766976701
2;1300;60;2,07417498125209;0,491678724463353;1,60581517474583
2;1500;60;2,0699865983991;0,494324187048092;1,60309848931393
2;1700;60;2,07402158574744;0,491942281848414;1,6066837377305
2;2000;60;2,07099212833077;0,494277470656052;1,60393738210543
4;100;60;2,04860192613729;0,4981691419243;1,58257264522965
4;300;60;2,03416956855786;0,507738574876819;1,57020315773387
4;500;60;2,04240985961475;0,502965207425792;1,57880938109456
4;700;60;2,03984624614862;0,503905096520683;1,57697068035746
4;900;60;2,0371923598896;0,505423534684662;1,57527990235984
4;1000;60;2,03522659296526;0,506775057243061;1,57356775415453
4;1300;60;2,03441952208272;0,506630232465072;1,57334104322041
4;1500;60;2,03747792551853;0,505533797946758;1,57453767559431
4;1700;60;2,03775912857841;0,505254849992782;1,57570455877034
4;2000;60;2,03616225159272;0,506346103631844;1,57452318677776
6;100;60;2,04744418828743;0,498201455968862;1,58249575955241
6;300;60;2,03418866835453;0,504012652121207;1,57194553813662
6;500;60;2,03384933602865;0,503429239818309;1,57383271480446
6;700;60;2,02769910382284;0,507383306205635;1,56942136795816
6;900;60;2,02483210437676;0,508764187475461;1,56707549304314
6;1000;60;2,02433772111591;0,509464783831131;1,56551434461044
6;1300;60;2,02519565385554;0,508853579333941;1,56701117550781
6;1500;60;2,02618822230061;0,508265568742911;1,56746670927558
6;1700;60;2,02450562490969;0,508836087551598;1,56588258800115
6;2000;60;2,02459267656846;0,509158508880234;1,56585276572192
8;100;60;2,03994124189308;0,496982544290139;1,57723488215304
8;300;60;2,01173804071131;0,512481986607724;1,55806901149437
8;500;60;2,01973161031597;0,509403421809336;1,56376426813695
8;700;60;2,01878834364977;0,510090023487917;1,56116975577697
8;900;60;2,01700869539516;0,510791062222485;1,56108528132436
8;1000;60;2,02025398233228;0,509513830382339;1,56313981033455
8;1300;60;2,01529525863875;0,511246722249477;1,56013611434929
8;1500;60;2,017673265038;0,510060231324952;1,56254929698754
8;1700;60;2,01962270929563;0,509210240194816;1,56367151133129
8;2000;60;2,01821397182575;0,509890886792868;1,56230087042876
10;100;60;2,01541815298524;0,508923133634925;1,56114144736488
10;300;60;2,01075867762465;0,511980112913862;1,55865991495895
10;500;60;2,0109653986326;0,511644018575171;1,55756576598351
10;700;60;2,01204906037188;0,511443969134388;1,55630735846226
10;900;60;2,01698082441746;0,508786822976842;1,56086418305812
10;1000;60;2,0140769554909;0,51005600300102;1,55982994388923
10;1300;60;2,01461461666148;0,510070601580397;1,56020067786194
10;1500;60;2,01321396674948;0,510833861074668;1,55756090448008
10;1700;60;2,01509691435511;0,509906884902106;1,55985446118318
10;2000;60;2,01642537689727;0,509331043433316;1,55992009295474
12;100;60;2,0209265779029;0,503764244028111;1,5609142391109
12;300;60;2,01150457565915;0,510904914056608;1,55600092278765
12;500;60;2,01613037634628;0,507885670134289;1,56093652029565
12;700;60;2,01629887364224;0,507940397893583;1,56165110227284
12;900;60;2,00995029031737;0,510983234181746;1,55657111847296
12;1000;60;2,01476648594105;0,508467150401416;1,55931139158091
12;1300;60;2,01236673457527;0,509604939645132;1,55607040751611
12;1500;60;2,01233225110527;0,510138380550117;1,55881239147144
12;1700;60;2,01416453356352;0,509537135923425;1,55860255984736
12;2000;60;2,01185350580101;0,510419279530565;1,55772784596512
14;100;60;2,01193201774147;0,509325097945353;1,55836770788317
14;300;60;2,00567840487833;0,511595085333264;1,54992541664557
14;500;60;2,01508656499342;0,50797900085482;1,55907738559025
14;700;60;2,01201891164646;0,509034520186877;1,55633496411474
14;900;60;2,0139228685759;0,508636744317983;1,55967458175508
14;1000;60;2,01375990537619;0,508413044293186;1,55799745660651
14;1300;60;2,00970013467288;0,510717449109503;1,55522669977326
14;1500;60;2,01284222532949;0,509304635326288;1,55790209070427
14;1700;60;2,01222225563249;0,509425705773536;1,55749993647324
14;2000;60;2,01193397310358;0,509309446294348;1,55822194814945
16;100;60;2,00167209352431;0,51240531195373;1,54523429067454
16;300;60;2,0091110790648;0,510486119799417;1,55392696068545
16;500;60;2,0144047494853;0,506694415634602;1,56051244030772
16;700;60;2,01044429168936;0,509662203238644;1,55441887541237
16;900;60;2,01444856560281;0,507101853632892;1,55911550037235
16;1000;60;2,01271624667818;0,508492343001784;1,55714190373216
16;1300;60;2,01456297404872;0,507040201024465;1,55890986304089
16;1500;60;2,0109561736142;0,508931827485526;1,55630836605683
16;1700;60;2,00972009601058;0,50999240793333;1,55540035905765
16;2000;60;2,0137400327712;0,507377683137548;1,55950654304593
18;100;60;2,02545187351243;0,500589934538249;1,56365679947882
18;300;60;2,01800023155447;0,503570010477442;1,5582857278037
18;500;60;2,01385108424773;0,506977313602988;1,55778829211561
18;700;60;2,0130767689173;0,506957524061722;1,55607186542755
18;900;60;2,01526807160085;0,505983836391295;1,55863119325382
18;1000;60;2,01321028818398;0,507609969009229;1,55746017756429
18;1300;60;2,01316480730805;0,506887677998351;1,55722194444441
18;1500;60;2,01687117929368;0,505424294320123;1,55990971265793
18;1700;60;2,01274503049354;0,50766096975598;1,55703321083141
18;2000;60;2,01540728948966;0,50614579747478;1,55962390941519
20;100;60;2,01260829886806;0,507757198272934;1,55636678842543
20;300;60;2,01389796613981;0,506062990714186;1,55780090675886
20;500;60;2,01176812962211;0,507262580146704;1,55647187314786
20;700;60;2,02046102075847;0,502904968858602;1,56331311834784
20;900;60;2,01631058427435;0,505373199256764;1,5606658613895
20;1000;60;2,01726985516784;0,504721038931144;1,55945374541702
20;1300;60;2,0127271281076;0,506923290954709;1,55768621032408
20;1500;60;2,01755050024746;0,504674391680999;1,55983937247087
20;1700;60;2,01487388477412;0,506271207465144;1,55696553601088
20;2000;60;2,01483459429193;0,505736452465946;1,55786989288175
22;100;60;2,01752954459363;0,503549855471511;1,56572264157764
22;300;60;2,01585553355349;0,505424872931889;1,56004455539303
22;500;60;2,01290458766613;0,50705775244741;1,55622803496655
22;700;60;2,00917532508998;0,508710722057521;1,55204995280572
22;900;60;2,01524711080551;0,505141420161556;1,56037672208301
22;1000;60;2,01741504434952;0,504236811696186;1,56086775051905
22;1300;60;2,01332935199454;0,506548259439629;1,55753891338668
22;1500;60;2,01481059259976;0,505490539279812;1,55826361217411
22;1700;60;2,01212815555413;0,507104227969905;1,55552478921075
22;2000;60;2,01180747675772;0,507257357607169;1,55664052998803
24;100;60;2,01066251809232;0,505331354423236;1,55539466524339
24;300;60;2,01710357003892;0,504222985455396;1,55825534418427
24;500;60;2,01551849545821;0,504431737899989;1,55725648534816
24;700;60;2,01702496639489;0,504079967143844;1,56058080710154
24;900;60;2,02292471784003;0,500929330299937;1,56385634216682
24;1000;60;2,01530961546585;0,504738359073514;1,55953133238148
24;1300;60;2,02093609863545;0,501898359137919;1,5629108925787
24;1500;60;2,01861737179795;0,503279452742856;1,56076068845963
24;1700;60;2,01594589621862;0,5045538855911;1,55963535620038
24;2000;60;2,01878278532488;0,50326852724002;1,56153311198288
2;100;70;2,05844903403298;0,499506688753666;1,58650406516163
2;300;70;2,05241161155798;0,502362851619451;1,58735647734831
2;500;70;2,06463733248087;0,496258047377006;1,59346952516338
2;700;70;2,0621693715176;0,497907542073871;1,59287254230332
2;900;70;2,06138700458937;0,497026620587815;1,59223188456597
2;1000;70;2,05971175243858;0,498270244108955;1,5925158275908
2;1300;70;2,06075382562431;0,498370167292899;1,59362247337227
2;1500;70;2,0602571990516;0,49827024068121;1,59265357006901
2;1700;70;2,0602175396188;0,498289362697471;1,59345483696448
2;2000;70;2,05816030551608;0,498896835884306;1,59152403601772
4;100;70;2,03007030070248;0,508860458776878;1,56643420148818
4;300;70;2,02611750978143;0,511154881224931;1,56383883131067
4;500;70;2,034011318066;0,507551448933285;1,57130610214211
4;700;70;2,03206196159132;0,507171529872765;1,56904415689488
4;900;70;2,03225564512511;0,507136527524946;1,56808634288963
4;1000;70;2,02957601769026;0,508335392989811;1,56608598028633
4;1300;70;2,03072973405867;0,507675226779819;1,56790134181467
4;1500;70;2,02865019955985;0,509178034411328;1,56690666298855
4;1700;70;2,03070598349953;0,507818530296383;1,56882683872741
4;2000;70;2,02795428553936;0,50890197163394;1,56650930155353
6;100;70;2,01917334048393;0,51046440663505;1,55905316666896
6;300;70;2,0202904910769;0,509794938884012;1,56412039295947
6;500;70;2,02021145722762;0,511098733209954;1,56000037364452
6;700;70;2,01501786980242;0,512532862045383;1,55560727395567
6;900;70;2,01880822505484;0,510302284177279;1,56028886443848
6;1000;70;2,01717568428786;0,511221566389954;1,55888549752339
6;1300;70;2,01803233270673;0,511090456242956;1,5587398251402
6;1500;70;2,0189809023591;0,511341162413259;1,55981690680312
6;1700;70;2,01578962301186;0,512758653558783;1,55731683927342
6;2000;70;2,01586857954605;0,512754447134089;1,55872272794631
8;100;70;2,01613114252586;0,508556824358749;1,56118696345769
8;300;70;2,01103685830611;0,513208459324417;1,55365041314909
8;500;70;2,00144669196346;0,518002993023155;1,54590940532579
8;700;70;2,01049387906159;0,513129834217006;1,55454983919266
8;900;70;2,01067246121504;0,513426746106543;1,55330747542338
8;1000;70;2,01000830868431;0,513620160148216;1,55345934449893
8;1300;70;2,00803177907822;0,514437779809578;1,5530036481029
8;1500;70;2,01005299074671;0,513342307295441;1,55515942266835
8;1700;70;2,01035116789059;0,51326839422298;1,55551613215938
8;2000;70;2,00973078808952;0,513590060739376;1,55341598266612
10;100;70;2,01792577235761;0,507880315625188;1,55638446842784
10;300;70;2,00726515125806;0,513034627141485;1,55303960572695
10;500;70;2,00780466788915;0,51307537283972;1,55214263589241
10;700;70;2,00333870734701;0,515268677566835;1,54741727742939
10;900;70;2,00768485301873;0,513264078240235;1,55201780696259
10;1000;70;2,004204334996;0,515299420168633;1,54894284665948
10;1300;70;2,00789377113265;0,512552337742562;1,5517375560252
10;1500;70;2,00919846050227;0,511984884300867;1,55289740829114
10;1700;70;2,00671678410269;0,51368499563076;1,55121245908183
10;2000;70;2,00438691933207;0,514814072748589;1,54920138563851
12;100;70;2,00634022890425;0,512566035462614;1,54772510592245
12;300;70;1,99764220093793;0,516106654151392;1,54449691886166
12;500;70;2,00474829910019;0,513900486635892;1,54690337902211
12;700;70;2,00169626903697;0,514604535136936;1,54859717831023
12;900;70;2,00604703429103;0,512100367456648;1,55130076742983
12;1000;70;2,00791563538546;0,511865958179117;1,55148062760433
12;1300;70;2,00427290613919;0,513674651877719;1,54833490134524
12;1500;70;2,00510414860573;0,513125642177271;1,55111013822893
12;1700;70;2,00562890566045;0,512657934372707;1,55155225504645
12;2000;70;2,00711210021305;0,512679133753828;1,55190386762149
14;100;70;2,01768330440583;0,504459307376427;1,55528855878032
14;300;70;2,01837633179987;0,504512742818951;1,56100096732204
14;500;70;2,01298307838687;0,507687738063283;1,55600643617022
14;700;70;2,00361396544571;0,51325592753137;1,54970372489516
14;900;70;2,00372216292005;0,513092574248259;1,54932895564992
14;1000;70;2,00011704044626;0,514864372779072;1,5462376619454
14;1300;70;2,00789668597997;0,510958369875758;1,5523139383452
14;1500;70;2,00498882466749;0,512299981798514;1,55098256123825
14;1700;70;2,00172128675002;0,51356990652784;1,54720575822118
14;2000;70;2,00328648677688;0,513306076525541;1,5481303986204
16;100;70;2,01616799060256;0,505181918777402;1,55618826667305
16;300;70;2,00599949117755;0,510259734991409;1,55101668094369
16;500;70;2,01035382329251;0,508776545448529;1,55081110563892
16;700;70;2,00360876052924;0,512537618778729;1,54876697344706
16;900;70;2,0039012626548;0,512094261067892;1,54824433095421
16;1000;70;2,01322405833908;0,506920081518178;1,55657798105591
16;1300;70;2,00307253383504;0,512514835086624;1,54837729232672
16;1500;70;2,00362591027559;0,512192431566066;1,54691764523855
16;1700;70;2,00599511458585;0,511260099138387;1,54994836767149
16;2000;70;2,00716687414374;0,510300222527821;1,5523354324848
18;100;70;2,01625947323004;0,504400684969372;1,55924313804641
18;300;70;2,00531835039462;0,511093502859846;1,54956632309646
18;500;70;2,0053743927482;0,511088746301412;1,54851611987868
18;700;70;2,00687451944534;0,509991089847346;1,54948952295687
18;900;70;2,00728584950851;0,509884852189051;1,5500197507433
18;1000;70;2,0108094148285;0,507433095814936;1,55497008266999
18;1300;70;2,00508025146519;0,511191874605845;1,54872786778937
18;1500;70;2,00535239395878;0,510847828471637;1,55005916020792
18;1700;70;2,00883739155426;0,509029769525621;1,55303676154535
18;2000;70;2,00669289003677;0,510019651028773;1,55057757246057
20;100;70;1,99853199278225;0,513674170280798;1,54155737654708
20;300;70;2,01171905080905;0,507078095373019;1,55469758758843
20;500;70;2,00897909821601;0,508496602385057;1,55191859302507
20;700;70;2,00710545314441;0,509732023019403;1,55084053477473
20;900;70;2,00827562961991;0,509091574522231;1,55037802739859
20;1000;70;2,00705658504165;0,509662795957185;1,54936006927183
20;1300;70;2,00071179638331;0,512603057670451;1,54527728725175
20;1500;70;2,00871970639549;0,508297904931508;1,55117275760398
20;1700;70;2,00514477762704;0,510206551231882;1,54876061285018
20;2000;70;2,0067487578676;0,509308485555659;1,55042269793572
22;100;70;2,01919697698342;0,501807289633464;1,55565995319244
22;300;70;2,01629516069565;0,504265542737193;1,55786734043612
22;500;70;2,0114194995682;0,506510890975633;1,55336762903194
22;700;70;2,01074052042243;0,506884907932678;1,55339911584361
22;900;70;2,00726450827598;0,508463571305077;1,54998503974022
22;1000;70;2,00722334881249;0,508752195737385;1,54998255790498
22;1300;70;2,01115389766472;0,506626853719017;1,55360542374341
22;1500;70;2,00579477731628;0,509335187869326;1,54856757743749
22;1700;70;2,00794500565642;0,508446308487319;1,55071531726409
22;2000;70;2,00614716169483;0,509592958882941;1,55012628853211
24;100;70;2,02043240940647;0,501736176323463;1,559845361877
24;300;70;2,01264497247116;0,505128584588684;1,55267344176201
24;500;70;2,00685203016016;0,508554721662849;1,54894491832183
24;700;70;2,01376755339707;0,505015238395289;1,55619599500692
24;900;70;2,01073430388813;0,506405145706807;1,55208604051047
24;1000;70;2,01216362238358;0,506214393462806;1,55479728318185
24;1300;70;2,00685730709043;0,508444398740871;1,54986285907986
24;1500;70;2,01254401477165;0,506071771195636;1,55493633237557
24;1700;70;2,01197373433075;0,505979287449511;1,55326977326446
24;2000;70;2,0120739088344;0,506267538291372;1,55392083293867
2;100;80;2,04242805049723;0,504713777729182;1,57797875244334
2;300;80;2,05146878025201;0,501052755609732;1,58423948674255
2;500;80;2,04919005987002;0,502273682585548;1,58155467098783
2;700;80;2,05144067035222;0,502175043086826;1,58420179215159
2;900;80;2,04791360912757;0,503114810877133;1,58163200158114
2;1000;80;2,04847611752377;0,502928151439993;1,58249740123574
2;1300;80;2,04916394301215;0,503127531172381;1,58050670507904
2;1500;80;2,04955529852927;0,503140891845007;1,58179354937661
2;1700;80;2,04846102689846;0,503170605471032;1,5821816574439
2;2000;80;2,04819212519394;0,503431716485447;1,58136334738459
4;100;80;2,0251417488648;0,50976870030744;1,55719650291196
4;300;80;2,01934884322773;0,511115758427537;1,55712992195911
4;500;80;2,01406745186213;0,515167055906447;1,55459089636289
4;700;80;2,02005613107247;0,512373069945835;1,55596720822103
4;900;80;2,01775276463631;0,513238459203906;1,55479265200835
4;1000;80;2,02052888768762;0,51255087628523;1,55862425952495
4;1300;80;2,01998837446182;0,512781478592435;1,55689464956627
4;1500;80;2,0221669435686;0,510926939605049;1,55887598881214
4;1700;80;2,0180013585028;0,51363310891089;1,5561500209534
4;2000;80;2,01824780868327;0,512937072311134;1,55541077908282
6;100;80;2,00435063596991;0,517075874759842;1,54683319068912
6;300;80;2,00207821950071;0,518464407412152;1,54453531671064
6;500;80;2,004733748911;0,518580226056048;1,54922048379484
6;700;80;2,00945862928743;0,514520050221277;1,55172398021145
6;900;80;2,00914619178002;0,514836703967876;1,55179903403073
6;1000;80;2,00792120861209;0,516424173765605;1,55045235621383
6;1300;80;2,0039796352485;0,518075380878919;1,54700215690077
6;1500;80;2,00742817687925;0,516484183651672;1,54819668433109
6;1700;80;2,00886949233255;0,515364367495381;1,55038607173224
6;2000;80;2,00802496061734;0,516551303303573;1,55034170989721
8;100;80;2,01092700930179;0,511308333404318;1,55507586084127
8;300;80;2,00968364450228;0,512642724490507;1,55135122878266
8;500;80;2,00554454571747;0,514012000415716;1,54656054498371
8;700;80;2,0017403735738;0,516081651591528;1,54585435738975
8;900;80;1,99952734557164;0,517907636410335;1,5430813695102
8;1000;80;2,00018268619765;0,517889362283085;1,54398344245228
8;1300;80;2,001072290374;0,517103718566546;1,54376022986122
8;1500;80;2,00111123480875;0,516985191051256;1,54572483150927
8;1700;80;2,00428805401993;0,51573476540579;1,54691835283608
8;2000;80;2,00154897434724;0,516496008545422;1,5451310344769
10;100;80;1,98786443774557;0,521965623699863;1,53284891218893
10;300;80;1,99087975727251;0,52145883505235;1,53663974645342
10;500;80;2,00350718611268;0,514548103634393;1,54732232993095
10;700;80;2,00349085649176;0,514762280522582;1,54787141023047
10;900;80;1,99607234900091;0,517835530019485;1,54175749650339
10;1000;80;1,99837548085625;0,517057563455401;1,54356049629256
10;1300;80;1,99695673273753;0,517670396903564;1,54037934630277
10;1500;80;1,99581000659714;0,518048188226493;1,5404836279371
10;1700;80;1,99645008730521;0,517616222216715;1,54372335889681
10;2000;80;1,99520414694177;0,518523839384514;1,54045182378364
12;100;80;2,02556412189018;0,500553404030275;1,56119830343792
12;300;80;2,00066543804735;0,515406171473503;1,54505574341446
12;500;80;2,00007514698692;0,515428470460454;1,54199436373317
12;700;80;1,99673434444559;0,516137814044905;1,54150006985346
12;900;80;1,99575604621506;0,51660774749708;1,54122405475243
12;1000;80;1,99600467139852;0,517012433969965;1,54023525596895
12;1300;80;1,99957836674083;0,515324755004231;1,54384508171157
12;1500;80;1,99864773649682;0,515405864947861;1,54145032655512
12;1700;80;1,99429434494453;0,51833841239689;1,53894238003459
12;2000;80;1,99481291946852;0,517711784184524;1,5399846512657
14;100;80;1,97804519128085;0,525133684153579;1,52732651758861
14;300;80;2,0087204373577;0,508974160491496;1,55004178145981
14;500;80;1,99478194778643;0,51698594423059;1,53942450985672
14;700;80;1,9971149490699;0,5149699241462;1,54052814168329
14;900;80;1,99794075830327;0,514992902277718;1,53981972057092
14;1000;80;1,9955405704051;0,516083939151559;1,5397855456262
14;1300;80;1,99593547382168;0,515781055776266;1,53909045917315
14;1500;80;1,99749714762505;0,514928389571332;1,54197309561211
14;1700;80;1,99285617004198;0,51770927862587;1,53759867718085
14;2000;80;1,99407175783634;0,51697143686917;1,53891728656637
16;100;80;2,00844892530102;0,509744829844035;1,54676359701101
16;300;80;1,99940783764116;0,51338170894765;1,54526892752617
16;500;80;1,99843617899441;0,514599705827182;1,54096222688613
16;700;80;1,99540367963826;0,515840907889555;1,53793561383571
16;900;80;1,99668997928001;0,515635959746493;1,54251936412208
16;1000;80;1,99259653761237;0,517705073539925;1,53499562651162
16;1300;80;1,99399727586219;0,51628135185068;1,53900449166246
16;1500;80;1,99415351865895;0,516483880504263;1,5375752894433
16;1700;80;1,99522522464088;0,515809019466454;1,53890314080132
16;2000;80;1,99644490669331;0,515189612804081;1,53945527417828
18;100;80;2,01130889656485;0,506827605562595;1,54715475070116
18;300;80;1,99101528386882;0,51779942316275;1,53632998340429
18;500;80;1,9952309473281;0,515056196526845;1,5401948520472
18;700;80;1,99983779895752;0,512875769237125;1,5407547034785
18;900;80;2,0001867534451;0,51272860933458;1,54261224597706
18;1000;80;1,99720614730023;0,514259226549752;1,54016545734863
18;1300;80;1,99819192030786;0,513454562368086;1,54008010419779
18;1500;80;1,99648797434245;0,514986190293233;1,53850207280744
18;1700;80;1,99743181080958;0,51400139805741;1,53939662196199
18;2000;80;1,99843678904246;0,513466361293095;1,53917313387179
20;100;80;2,0246587590846;0,498378811919011;1,56216393859327
20;300;80;1,9957006168564;0,513777311393967;1,53757680396776
20;500;80;2,00322601103944;0,51038766077804;1,54452638034757
20;700;80;1,99697645176783;0,513584219000343;1,5383017521187
20;900;80;2,00046114323421;0,512270252590601;1,54303181174421
20;1000;80;1,99825097038049;0,512916999177412;1,53894172633924
20;1300;80;1,99901491868235;0,513116612136353;1,54070142332888
20;1500;80;2,00054612580469;0,51207867418299;1,54221237528637
20;1700;80;1,99545894709752;0,514808191303325;1,53862587616671
20;2000;80;1,99752407597707;0,513257339862606;1,54032997640288
22;100;80;2,00614102339852;0,508089495772055;1,54465415989172
22;300;80;2,00708230799059;0,508512150061607;1,54706958572566
22;500;80;1,99604757204679;0,514217487790306;1,54094949222686
22;700;80;1,99671713951879;0,513285396666586;1,54129050237642
22;900;80;2,0014353227035;0,511019405063364;1,54454744887358
22;1000;80;1,99484015153058;0,514405724386186;1,53664290453009
22;1300;80;1,9972720784821;0,513118806623957;1,54057324715978
22;1500;80;2,00144728506712;0,511323055310379;1,5428578841177
22;1700;80;1,99668298706044;0,513678945465348;1,54009531101152
22;2000;80;1,99976606214379;0,512011220636019;1,54168711306517
24;100;80;2,0050057582768;0,508988731081694;1,54266493398308
24;300;80;2,01078095363698;0,506130665154103;1,54766975219722
24;500;80;2,00325254941955;0,509451269185311;1,544954065952
24;700;80;2,00042066406912;0,511696846285908;1,54337860016749
24;900;80;2,00069183620881;0,511008292104464;1,54226498491475
24;1000;80;2,00168355675441;0,510185546889379;1,54407114775322
24;1300;80;2,00004195933574;0,511410219659098;1,54308689885159
24;1500;80;2,00148381306077;0,510788680662609;1,54230569475865
24;1700;80;2,00159755368283;0,510595355793864;1,54393886845269
24;2000;80;2,00400962077516;0,509459755299063;1,54411205186152
