"BM_tot";"Long";"Lat";"SableF";"LimonF";"LimonG";"Argile";"C_org";"C.N";"pH_eau";"OS";"Sables";"SableG";"Limons";"MO";"C_tot";"N_tot"
3,6875;5,21210583404264;47,2725816693599;49;265;123;348;25,9939623260498;9,19;8,21;"OS_214";264;215;388;45;53,9539623260498;2,82855510711669
6,55625;5,20696187110195;47,2720012026245;37;333;210;340;13,3392393875122;9,1;8,27;"OS_214";117;80;543;23,1;23,0592393875122;1,46529451012611
10,25;5,19903893091106;47,278380992203;40;353;251;338;12,2993802165985;8,95;7,92;"OS_214";58;18;604;21,3;13,1393802165985;1,37367069721221
7,1875;5,20667260372542;47,2678300270835;42;342;211;281;15,1749256706237;10,1;8,37;"OS_214";166;124;553;26,3;26,8149256706237;1,50954708456993
0,35625;5,21786666611884;47,2691484999073;68;283;117;355;33,5556358718872;9,29;8,16;"OS_214";245;177;400;58,1;62,1156358718872;3,61125022172927
0,13125;5,21878711238058;47,2611448686797;60;298;102;323;33,6224789047241;8,59;8,14;"OS_214";277;217;400;58,2;77,1824789047241;3,91538381576538
12,40625;5,22452516707734;47,2641583342107;55;250;127;319;24,2323667144775;9,06;8,2;"OS_214";304;249;377;41,9;58,0723667144775;2,6746717095375
12,075;5,23077466674358;47,2728693323008;36;382;271;298;11,5783476829528;9,51;5,92;"OS_214";49;13;653;20;11,5783476829528;1,21689282357692
0;5,21629400055701;47,2640146641592;51;136;70;172;34,6591715240478;9,06;8,29;"OS_210";622;571;206;60;102,219171524047;3,82463783025741
5,125;5,22387349993937;47,2615450036208;57;320;138;272;29,7567191314697;9,18;8,16;"OS_210";270;213;458;51,5;57,2367191314697;3,24033617973327
10,15625;4,58926230247703;47,2789104772709;34;338;154;457;20,0623425292969;9,38;6,82;"OS_214";51;17;492;34,7;20,1823425292969;2,13856056332588
0;4,6031743338373;47,2898898313289;83;280;160;321;48,4453211975098;9,97;8,02;"OS_210";239;156;440;83,8;111,32532119751;4,85687524080276
2,9375;4,82623975183778;47,1710574831011;26;266;141;553;65,7426556396484;16,1;6,38;"OS_111";40;14;407;114;65,8626556396484;4,08314198255539
9,9;4,84212000023756;47,2994119960212;35;237;195;529;56,8615851593018;14,3;7,13;"OS_111";39;4;432;98,4;57,3415851593018;3,98827463388443
2,70625;4,97250866619659;47,3937323297703;23;257;124;537;55,7943581390381;14,4;7,57;"OS_111";82;59;381;96,5;61,9143581390381;3,8874939084053
6,3;4,69153416680116;47,4145655032133;11;473;174;320;19,9920284748077;16;5,06;"OS_111";33;22;647;34,6;19,9920284748077;1,24967567622662
6,39375;4,99898066648766;47,4757018378359;11;384;175;421;55,9434469985962;13,7;6,38;"OS_111";20;9;559;96,8;56,0634469985962;4,09194618463516
9,79375;4,81322150041927;47,2548069989591;38;290;197;464;47,7835520553589;12,9;6,27;"OS_111";49;11;487;82,7;47,9035520553589;3,69003415107727
2,2625;5,21794649990952;47,5954218349009;12;298;174;460;63,0204022598267;13,9;7,72;"OS_111";68;56;472;109;70,7004022598267;4,53178077936172
13,85625;5,14441966609063;47,4852934983331;9;302;166;479;55,7989276885986;13,7;7,13;"OS_111";53;44;468;96,5;59,3989276885986;4,0730482339859
11,75;5,2189260005384;47,4698361690631;14;239;146;587;43,7863315963745;14,4;7,21;"OS_111";28;14;385;75,8;45,3463315963745;3,04606258869171
12,7125;5,14955900032885;47,441190503721;59;337;242;201;17,4403938102722;15,2;4,85;"OS_111";220;161;579;30,2;17,5603938102722;1,14641487598419
4,3;5,0753654995463;47,4264459970045;17;300;177;496;60,2446892547607;15,3;7,2;"OS_111";27;10;477;104;60,9646892547607;3,9323353767395
6,3;5,10596015675859;47,1442426784815;149;342;329;136;18,529771566391;15,5;5,25;"OS_111";193;44;671;32,1;18,529771566391;1,19338989257812
13,84375;5,30791016629726;47,1360598320713;88;208;94;596;74,3748357391357;10,8;7,72;"OS_111";102;14;302;129;83,6148357391357;6,88143074512482
13,06875;5,17007150436755;47,6505799233371;47;339;134;237;74,6861422729492;11,3;7,81;"OS_111";290;243;473;129;112,366142272949;6,63622260093689
12,3375;4,79402950049601;47,2074346646461;20;380;190;397;67,9797657775879;14,6;6,57;"OS_111";33;13;570;118;68,0997657775879;4,66783851385117
4,92500000000001;5,2198414997438;47,1869568347498;211;281;328;119;16,1167728900909;14,8;4,92;"OS_111";272;61;609;27,9;16,1167728900909;1,09085164964199
0,74375;5,44831866710655;47,5251596665685;89;405;312;179;18,7930059432983;13,9;4,83;"OS_111";104;15;717;32,5;18,7930059432983;1,35546073317528
10,66875;4,7776716664605;47,5177901697188;39;459;137;206;48,0460779953002;9,61;8,05;"OS_214";198;159;596;83,1;69,7660779953003;4,9977046251297
7,4;5,43636549019842;47,5909016900328;50;296;183;386;9,92;10,1;6,09;"OS_214";135;85;479;17,2;9,91840660572052;0,979475304484367
0,475;5,21971493624057;47,5799341836937;15;401;208;368;17,9305232906341;11,3;7,46;"OS_214";23;8;609;31;18,2905232906341;1,58827140927314
13,3;5,1308951664774;47,2316994959672;55;280;114;510;19,546009311676;8,97;8,25;"OS_214";96;41;394;33,8;37,786009311676;2,17857792973518
8,1625;5,19567311469472;47,5330206381896;52;274;141;214;38,2813817596435;12,1;8,06;"OS_214";371;319;415;66,2;87,1213817596435;3,1660121679306
7,5125;4,8423298335621;47,2610360002866;172;205;273;277;15,85;9,4;8,23;"OS_214";245;73;478;27,4;19,9007320404052;1,68573632836341
7,65;5,10769392498449;47,3612953289085;110;235;154;481;19,8378992843627;8,37;8,26;"OS_214";130;20;389;34,3;30,7578992843627;2,36948415637016
1,9375;4,77911031718973;47,3902970575971;30;453;133;335;27,8600016403198;10,1;7,95;"OS_214";79;49;586;48,2;29,7800016403198;2,76935309171676
10,13125;4,81235565584989;47,5351535045367;49;397;137;230;36,6680418014526;10,5;8,1;"OS_214";236;187;534;63,4;63,0680418014526;3,47869038581848
0;5,03808834764988;47,5956983543217;91;295;118;177;26,7616988372802;9,35;8,28;"OS_214";410;319;413;46,3;65,6416988372802;2,8608027100563
5;4,75565133271077;47,4525981643979;39;373;146;418;27,0605677223206;9,51;7,92;"OS_214";63;24;519;46,8;29,7005677223206;2,84560799598694
2,8875;4,88434589906323;47,465068132319;29;441;146;280;41,6850662612915;9,7;7,98;"OS_214";133;104;587;72,1;54,6450662612915;4,29683327674866
1,2;5,0392241666821;47,2486388359314;47;342;234;333;14,9;10,2;7,29;"OS_214";91;44;576;25,8;14,8625028133392;1,46530777215958
8,00625;5,19865333352606;47,2891580026813;33;348;252;360;13,1;9,62;7,04;"OS_214";40;7;600;22,7;13,1173586845398;1,36155515909195
14,34375;4,5926966158468;47,3786872418082;24;407;148;409;24,0261867332459;9,34;7,83;"OS_214";36;12;555;41,6;24,7461867332458;2,57185995578766
9,2375;5,18860549994145;47,1334668309626;84;211;171;468;17,6012694835663;9,16;7,19;"OS_214";150;66;382;30,5;17,6012694835663;1,92235633730888
2,55625;4,8898909986457;47,3902891931653;32;510;152;233;38,3235988998413;9,87;7,99;"OS_214";105;73;662;66,3;45,2835988998413;3,88149470090866
14;5,12317149982911;47,3112575008547;184;192;155;422;18,3;9,6;7,68;"OS_214";231;47;347;31,7;18,3178722858429;1,90705195069313
2,2375;5,31001761615461;47,5956877629667;69;288;141;349;40,1460856628418;9,89;7,99;"OS_210";222;153;429;69,5;77,2260856628418;4,05956715345383
10,64375;4,80415843924772;47,4595995260689;64;274;195;379;40,3181590270996;10,6;8,01;"OS_210";152;88;469;69,8;50,3981590270996;3,79799455404282
1;5,08643083336255;47,5120721644461;45;368;160;368;69,0336936950684;9,59;7,91;"OS_210";104;59;528;119;84,6336936950684;7,1994286775589
2,0125;4,94032912866279;47,2009398584352;33;292;67;543;35,8529367446899;9,68;8,03;"OS_210";98;65;359;62;41,8529367446899;3,70239198207855
2,00625;5,15124866643723;47,5225343315669;68;266;140;346;38,0182233810425;10,3;8,08;"OS_210";248;180;406;65,8;76,4182233810425;3,69086712598801
13,2875;4,97398866645502;47,2548880007438;112;205;167;429;18,5885122871399;10,9;8,29;"OS_218";199;87;372;32,2;30,2285122871399;1,71201378107071
9,3875;4,97732116634314;47,256594501307;92;250;180;420;17,3250553894043;11,7;8,21;"OS_218";150;58;430;30;21,0450553894043;1,47840738296509
5,3375;4,97835900062954;47,2636638369498;97;215;170;426;16,8187014579773;11,1;8,13;"OS_218";189;92;385;29,1;27,6187014579773;1,5193572640419
2,6125;4,9798850529084;47,2661542783181;105;181;161;423;17,2331647109985;10,5;8,19;"OS_218";235;130;342;29,8;33,3131647109985;1,63532003760338
2,875;4,98796383406893;47,2739513368465;50;266;168;419;19,1458023834229;10,6;8,21;"OS_218";147;97;434;33,1;31,2658023834229;1,81075930595398
1,9;4,98370333389831;47,2666288319882;77;204;151;389;20,7015772628784;11,5;8,22;"OS_218";256;179;355;35,8;49,6215772628784;1,79592907428741
7,025;4,95542349958963;47,1531523295805;178;235;194;285;17,5968155670166;10,8;8,25;"OS_218";286;108;429;30,4;65,1168155670166;1,62991940975189
3,90625;4,96384700039795;47,2332996645061;81;226;152;359;20,1995207595825;10,7;8,29;"OS_218";263;182;378;34,9;48,5195207595825;1,89391791820526
1,3625;4,96768849941685;47,22809066475;110;180;164;426;18,4120599555969;11,1;8,22;"OS_218";230;120;344;31,9;37,7320599555969;1,66447699069977
13,28125;4,99722516696618;47,2862991635916;42;298;179;366;14,3438481521606;10,4;8,26;"OS_218";157;115;477;24,8;33,4238481521606;1,38497337698936
0,69375;4,96741266716281;47,2296540021034;99;220;171;471;19,3536898040771;11,7;8,09;"OS_218";138;39;391;33,5;22,7136898040771;1,65639877319336
0,525;4,97389433263834;47,2317761648197;67;255;186;446;16,1713097000122;11,2;8,2;"OS_218";113;46;441;28;21,9313097000122;1,44853159785271
13,46875;4,96513616651567;47,2032236657616;66;227;162;423;22,585808391571;11,7;8,19;"OS_218";188;122;389;39,1;37,465808391571;1,93403035402297
1,15625;4,96263916680524;47,1933224997272;63;206;150;468;22,0394083404541;11,5;8,23;"OS_218";176;113;356;38,1;40,3994083404541;1,9085019826889
14,16875;4,84388750015005;47,1602793314502;181;170;194;270;19,9310363388061;10,1;8,22;"OS_218";366;185;364;34,5;55,5710363388061;1,9689205288887
2,55625;4,98165506969751;47,2814784609475;38;298;168;474;17,824341506958;11,5;8,16;"OS_218";60;22;466;30,8;20,104341506958;1,54733121395111
7,9625;4,99871366612589;47,2852044982336;34;307;177;403;22,0785303306579;10,9;8,14;"OS_218";113;79;484;38,2;31,5585303306579;2,01840505003929
3,625;4,96520266647337;47,208232167678;59;266;162;387;19,2317412185668;11,3;8,3;"OS_218";185;126;428;33,3;37,9517412185668;1,69998109340667
13,6625;4,98289566717574;47,265462670929;69;220;147;453;18,783906879425;11;8,23;"OS_218";180;111;367;32,5;35,343906879425;1,71166941523551
0,30625;4,95787233289876;47,1898131698643;66;244;151;357;18,1643559646606;11,9;8,29;"OS_218";248;182;395;31,4;44,4443559646606;1,52033314108848
3,0375;4,92807950015309;47,1551856688999;76;238;76;385;26,8840162277221;10,5;8,27;"OS_218";301;225;314;46,5;67,6840162277221;2,54894196987152
0;4,97743566700264;47,2442746702639;115;242;174;326;18,5477671051025;12,1;8,31;"OS_218";258;143;416;32,1;53,1077671051025;1,53785064816474
3,24375;4,98224301379152;47,2672636519645;73;219;138;350;20,925929069519;11,8;8,29;"OS_218";293;220;357;36,2;53,925929069519;1,77910521626472
4,495;4,96809616695477;47,3169468375078;75;167;75;362;29,6939013290405;10,5;8,17;"OS_218";396;321;242;51,4;78,4139013290405;2,81594604253769
3,59;4,98350166638145;47,3111640031221;109;237;141;411;17,3623292541504;10,7;8,34;"OS_218";211;102;378;30;77,6023292541504;1,61841034889221
21,6375;5,21157049393543;47,2702858378279;45;291;143;384;45,4956164932251;11,3;8,18;"OS_214";182;137;434;78,7;55,9356164932251;4,02504801750183
30,6375;5,21362999949962;47,2697670029655;47;224;93;326;26,6912533187866;8,93;8,22;"OS_214";357;310;317;46,2;72,0512533187866;2,98992395401
26,39375;5,2210903334142;47,2700881665338;42;327;197;373;26,9629363059997;9,22;8,12;"OS_214";103;61;524;46,6;36,5629363059997;2,92315870523452
28,38125;5,22288200011081;47,2665108299639;48;250;143;334;20,2789326095581;8,75;8,23;"OS_214";273;225;393;35,1;51,2389326095581;2,31764286756515
23,53125;5,22347333410078;47,2742195038158;34;351;245;352;15,081785697937;8,96;7,67;"OS_214";52;18;596;26,1;15,561785697937;1,68376490473747
27,175;5,22605857215995;47,2778474984762;35;376;273;304;15,3520413684844;9,44;6,61;"OS_214";47;12;649;26,6;15,4720413684844;1,62682980298995
38,2625;5,2293663007282;47,2786384424485;45;396;301;243;10,7963705062866;9,47;6,1;"OS_214";60;15;697;18,7;10,7963705062866;1,13982684910297
29,3;5,22545643478181;47,278708584484;34;330;234;387;15,2928396511077;9,57;7,28;"OS_214";49;15;564;26,5;15,4128396511077;1,59841880202293
20,2375;5,21712742900206;47,2624614757843;96;225;106;252;29,9672722625732;8,9;8,27;"OS_210";417;321;331;51,8;83,4872722625732;3,36721986532211
33,41875;5,21926401500061;47,2629371146043;71;318;111;303;30,4688372039794;9,45;8,21;"OS_210";268;197;429;52,7;77,0288372039794;3,22290569543838
34,13125;4,60094432145603;47,2781058150258;42;295;92;343;32,0494738769531;9,84;8,06;"OS_214";270;228;387;55,4;61,9294738769531;3,25659155845642
26,31875;4,59703552838297;47,2816975385369;30;373;149;409;22,5590344810486;10,1;7,88;"OS_214";69;39;522;39;25,9190344810486;2,24040120840073
26,45625;4,60112686184349;47,285484287162;35;393;125;399;29,0811794471741;9,53;7,94;"OS_214";83;48;518;50,3;33,7611794471741;3,05311441421509
37,94375;4,59241361229387;47,2731901780076;47;284;99;305;31,6447152328491;9,61;8,03;"OS_214";312;265;383;54,7;71,7247152328491;3,29169929027557
22,1125;4,70159433274831;47,1979025001545;8;354;183;452;37,2188496589661;15;6,12;"OS_111";11;3;537;64,4;37,2188496589661;2,48496025800705
15,2375;5,47431260854483;47,5728417404338;15;385;144;393;48,1369631195068;14,9;7,96;"OS_111";78;63;529;83,3;56,8969631195068;3,23260754346848
38,00625;5,34128516738817;47,5541903377246;8;339;184;429;47,9934921646118;14,6;7,3;"OS_111";48;40;523;83;51,9534921646118;3,28683823347092
32,9375;5,02412500021595;47,1973016652248;77;309;293;307;23,27;14,7;5,42;"OS_111";91;14;602;40,3;23,27;1,58
38,89375;5,31175866631104;47,2916828336019;41;415;386;141;16,23;14,5;4,84;"OS_111";58;17;801;28,1;16,23;1,12
19,55625;5,32239994098879;47,4663929499516;91;364;261;269;17,0154440402985;13,6;5,12;"OS_111";106;15;625;29,4;17,0154440402985;1,25214517116547
32,9;4,8835043337731;47,346208336651;39;311;200;417;73,8504154205322;12,8;7,22;"OS_111";72;33;511;128;75,6504154205322;5,77743887901306
30,45625;5,24469999961624;47,4062543300283;37;418;248;258;19,1681289672852;11,9;4,88;"OS_111";76;39;666;33,2;19,1681289672852;1,60794764757156
36,5;5,32187216663587;47,5394221624668;152;356;320;166;20,7357573509216;14,4;5,49;"OS_111";158;6;676;35,9;20,7357573509216;1,44349336624146
31,11875;5,32425816705049;47,5605556649921;14;345;211;426;28,1482299613953;11,8;6,64;"OS_111";18;4;556;48,7;28,2682299613953;2,37693682312965
38,56875;4,88017050028464;47,4456876654068;6;369;149;460;46,5738523101807;14,3;6,94;"OS_111";22;16;518;80,6;49,8138523101807;3,25573593378067
29,6125;5,05637716747448;47,6234730038752;56;256;110;299;73,0571865081787;13,1;7,96;"OS_111";335;279;366;126;115,657186508179;5,58353900909424
22,325;4,74327852404031;47,4868310732889;100;264;97;170;33,1109469604492;12,9;8,22;"OS_214";469;369;361;57,3;97,7909469604492;2,55772709846496
15,45625;5,1898783329806;47,5213763342978;84;368;150;219;27,2688298797607;11,6;8,21;"OS_214";263;179;518;47,2;88,7088298797607;2,35815674066543
16,41875;5,10472716655189;47,3298484979428;156;255;169;381;21,8384057235717;12,5;8,19;"OS_214";195;39;424;37,8;27,7184057235717;1,7436796426773
21,91875;4,69556316692478;47,2622309981389;187;297;170;310;12,9;12,1;7,25;"OS_214";223;36;467;22,3;12,9490447044372;1,06378853321075
24,51875;5,2198851661466;47,3503080010875;63;302;200;407;18,842194700241;9,86;7,98;"OS_214";91;28;502;32,6;19,442194700241;1,91033616662025
25,55625;5,30384933263511;47,5998206658627;20;346;190;394;22,3;10,7;7,25;"OS_214";70;50;536;38,6;22,2598648071289;2,08275079727172
36,13125;5,34227966656446;47,5861744967136;26;347;180;371;23,9411530685424;11,5;7,92;"OS_214";102;76;527;41,4;24,4211530685424;2,08199828863143
21,71875;5,14415700046572;47,4640531682008;83;254;139;426;23,9610640335083;10,4;8,25;"OS_214";181;98;393;41,5;58,2810640335083;2,30454385280609
18,475;5,32266583278836;47,3308043351225;84;346;290;250;12,1610355377197;10,6;6,61;"OS_214";114;30;636;21;12,1610355377197;1,14974603056907
16,85;5,0295618331287;47,182201998564;116;220;337;308;11,6472288894653;9,52;7,98;"OS_214";135;19;557;20,1;12,9672288894653;1,22404970228672
25,37125;4,82235498896534;47,3165165230259;92;263;254;268;23,231351108551;10,1;8,23;"OS_214";215;123;517;40,2;37,511351108551;2,29532837867736
29,93125;4,65142705473489;47,3234482716792;88;295;136;312;20,9762997055053;9,45;8,27;"OS_214";257;169;431;36,3;79,5362997055053;2,22031071782112
36,74375;5,12594416610213;47,4721531690896;57;276;138;418;30,6783242797851;11,4;8,28;"OS_214";168;111;414;53,1;68,1183242797851;2,69848644733428
24,525;4,82319783278099;47,5536968359011;76;279;119;181;20,174102897644;9,62;8,34;"OS_214";421;345;398;34,9;74,054102897644;2,09761157631874
26,0625;5,27799399948009;47,2805310032603;91;336;363;181;9,61;11,2;6,6;"OS_214";120;29;699;16,6;9,61;0,86
15,6375;5,01642986661576;47,534766335464;74;273;197;338;20,1;9,76;8,23;"OS_214";192;118;470;34,8;70,14;2,06
15,925;5,15245733282204;47,3422703356303;84;263;172;414;14,82;9,69;8,16;"OS_214";151;67;435;25,6;19,5;1,53
21,5;4,78576221625333;47,4039011408032;43;456;121;286;30,96;9,8;7,99;"OS_214";137;94;577;53,6;42,24;3,16
26,75625;5,29149083274755;47,0537816642993;77;363;320;172;8,15;9,61;6,57;"OS_214";145;68;683;14,1;8,15322518348694;0,848415940999985
16,45625;4,98646200036498;47,3629701626403;107;181;100;432;24,9303652572632;9,53;8,21;"OS_214";287;180;281;43,1;68,2503652572632;2,61670589447021
31,84375;5,1283160426463;47,5477138383518;91;337;166;264;23,9675293731689;9;8,12;"OS_214";233;142;503;41,5;103,887529373169;2,66391187906265
22,03125;5,35685866436399;47,4323459101271;50;374;279;274;13,3;9,45;7,25;"OS_214";73;23;653;23;13,3227360248566;1,4079438149929
18,875;5,34759656336407;47,4561756430107;53;435;312;165;10,2036075687408;9,76;7,77;"OS_214";88;35;747;17,7;10,4436075687408;1,04535587131977
26,69375;5,33039316697887;47,1391121697136;99;245;245;315;12,7168171977997;9,35;7,97;"OS_214";195;96;490;22;14,1568171977997;1,35977521538734
23,3;5,06127016661694;47,258614836854;45;363;219;338;12,3007733345032;9,51;8,07;"OS_214";80;35;582;21,3;14,1007733345032;1,29316508769989
24,00625;5,37955945914575;47,2649024996114;216;243;247;143;10,6;10,2;7;"OS_214";367;151;490;18,3;10,6200075149536;1,03575237095356
26,03125;5,45478283319505;47,2650383350149;213;58;38;70;4,65515285730362;10,5;5,94;"OS_214";834;621;96;8,05;4,65515285730362;0,443610176444054
15,71875;4,9257049999348;47,5368519670017;63;312;135;340;29,4663771057129;9,44;8,08;"OS_214";213;150;447;51;61,6263771057129;3,12177181243896
30,94375;5,20372733348553;47,2896416670557;41;282;142;418;23,4286978149414;9,63;8,18;"OS_214";158;117;424;40,5;41,1886978149414;2,43301153182983
28,8375;5,40907390396687;47,3866148211506;110;344;331;139;8,43723177909851;9,57;6,22;"OS_214";186;76;675;14,6;8,43723177909851;0,881819501519203
15,50625;5,189597166814;47,459793334195;30;339;211;398;14,5143020153046;9,68;7,22;"OS_214";52;22;550;25,1;14,5143020153046;1,49949789047241
35,10625;5,17923750042602;47,0525653358438;186;249;291;114;10,5703973770142;9,62;5,55;"OS_210";346;160;540;18,3;10,5703973770142;1,09914273023605
35,50625;5,34467333389241;47,3487058336858;61;288;226;404;40,9405899047852;10,5;6,24;"OS_210";82;21;514;70,8;40,9405899047852;3,88437777757645
29,7875;5,08279499965511;47,4462170040701;13;371;190;411;20,2592088127136;10,5;7,26;"OS_210";28;15;561;35;20,6192088127136;1,93245887756348
30,36875;5,44425933292599;47,3162661674636;19;311;46;615;41,3265999603272;10;6,16;"OS_210";28;9;357;71,5;41,4465999603271;4,11278039216995
16,0625;4,64669049950595;47,271796336967;38;358;160;420;36,8339810562134;9,8;6,88;"OS_210";62;24;518;63,7;37,3139810562134;3,7592750787735
22,55;5,14906797398298;47,6322808123284;21;279;103;593;53,2463528060913;9,38;6,77;"OS_210";25;4;382;92,1;53,6063528060913;5,67474007606506
17,6125;5,25041250040889;47,5773831690935;9;364;171;450;37,6594147872925;10,2;7,37;"OS_210";15;6;535;65,2;38,1394147872925;3,70346218347549
25,975;4,95551949965968;47,6132164994737;77;206;91;299;44,7412722015381;9,33;8,01;"OS_210";404;327;297;77,4;113,501272201538;4,79406774044037
23,51875;5,42741524608551;47,5147730075791;63;299;244;385;31,2951176261902;9,94;6,9;"OS_210";72;9;543;54,1;31,5351176261902;3,14846992492676
29,18125;4,81421850001126;47,5142464983503;99;325;176;250;48,952004776001;9,17;8,03;"OS_210";249;150;501;84,7;123,592004776001;5,34114062786102
36,88125;4,77526983370958;47,3490839955308;89;265;212;414;31,6577723312378;10,1;7,5;"OS_210";109;20;477;54,8;32,3777723312378;3,13893496990204
20,05;4,97351488108001;47,2524699530553;77;245;176;356;21,1068362426758;11,7;8,27;"OS_218";223;146;421;36,5;43,1868362426758;1,80879160761833
20;4,98385616720205;47,2453686706861;33;292;213;435;15,5488910579681;10;7,91;"OS_218";60;27;505;26,9;18,3088910579681;1,54860585927963
26,26875;4,99853983258678;47,288573163194;75;251;155;347;17,897483253479;10,5;8,25;"OS_218";247;172;406;31;51,497483253479;1,70463785529137
32,425;4,96783366738748;47,216706170677;65;238;153;400;18,8828254699707;10,9;8,18;"OS_218";209;144;391;32,7;36,2828254699707;1,7293980717659
33,05625;4,9667056665222;47,2437005009306;91;183;129;360;14,2015836715698;9,4;8,3;"OS_218";328;237;312;24,6;54,4015836715698;1,51108890771865
32,29375;4,84875800061389;47,1402040028867;195;187;219;249;12,9192770767211;10,6;8,34;"OS_218";345;150;406;22,4;55,0392770767211;1,21626012027263
34,36;4,98486483307266;47,3121186661992;120;230;130;424;18,5292866897583;9,97;8,27;"OS_218";216;96;360;32,1;77,2092866897583;1,85863837599754
15,855;4,98523166657051;47,3125476682743;142;238;142;397;18,9275909423828;9,88;8,22;"OS_218";223;81;380;32,7;81,3275909423828;1,91616281867027
53,98125;5,19876316691503;47,2806783368212;39;336;237;383;12,6604124355316;8,93;7,65;"OS_214";44;5;573;21,9;12,7804124355316;1,41806796193122
41,8875;5,1989275485075;47,2795665688724;44;370;271;307;12,112357263565;9,29;6,94;"OS_214";52;8;641;21;12,232357263565;1,30327507853508
53,7125;5,2055135888146;47,2747943438235;38;363;259;334;13,0846965312957;9,6;6,9;"OS_214";44;6;622;22,6;13,0846965312957;1,36301487684249
47,0375;5,20895872635101;47,2649046617311;36;336;217;363;17,2837751197814;9,4;8,11;"OS_214";84;48;553;29,9;24,0037751197814;1,83796271681785
39,725;5,21245680969797;47,2631348498879;32;329;224;406;18,0941660785675;9,21;7,77;"OS_214";41;9;553;31,3;19,0541660785675;1,96551442146301
57,1875;5,21432750005122;47,2672938372911;45;295;107;348;32,0278216934204;9,2;8,19;"OS_214";250;205;402;55,4;68,8678216934204;3,48226934671401
52,9125;5,22305071642091;47,2685240227499;40;310;195;340;21,747011642456;9,16;8,14;"OS_214";155;115;505;37,6;33,267011642456;2,37407594919204
52,0875;5,2275116667968;47,2676940027081;36;363;255;330;15,1502241039276;9,6;7,59;"OS_214";52;16;618;26,2;15,5102241039276;1,57870233058929
62,375;5,22947283324332;47,2644384971904;39;383;272;297;12,4185749340057;9,35;7,17;"OS_214";48;9;655;21,5;12,5385749340057;1,32819071412086
40,625;5,22524053001296;47,2700917034218;37;363;255;333;15,5852191543579;9,46;7,34;"OS_214";49;12;618;27;15,8252191543579;1,64815515279769
48,30625;5,22512649983532;47,2730353304696;37;383;278;289;12,126663570404;9,35;6,31;"OS_214";50;13;661;21;12,246663570404;1,29668176174163
52,35625;5,22705056803436;47,2810571371935;43;373;278;291;12,5696464824676;9,66;6,98;"OS_214";58;15;651;21,7;12,6896464824676;1,30136162042617
41,23125;5,20714998195518;47,2787232641224;47;260;153;405;32,1072397994995;9,86;8,18;"OS_210";182;135;413;55,5;52,0272397994995;3,25714111328125
42,6125;5,2205315079642;47,2673449987146;52;318;198;362;25,1784603881835;9,33;8,25;"OS_210";122;70;516;43,6;46,8984603881835;2,69930452108383
47,75625;4,5983490000311;47,2896984966688;71;307;155;306;20,4418775558472;10,2;8,23;"OS_111";232;161;462;35,4;73,2418775558472;2,01094135642052
47,4875;4,59624883346674;47,2898723299107;58;419;112;247;48,2087912750244;9,36;7,94;"OS_214";222;164;531;83,4;75,6887912750244;5,14937162399292
55,55;4,60456633331096;47,2860623298961;25;402;118;421;29,8062503433228;9,28;7,85;"OS_214";59;34;520;51,6;33,0462503433228;3,21239143610001
63,63125;4,59655716654917;47,2882895028223;41;378;112;318;35,0100441741943;9,51;8,06;"OS_214";192;151;490;60,6;63,9300441741943;3,68271768093109
44,15625;4,5991703334429;47,2862428326975;33;317;138;468;25,7180574417114;9,31;8;"OS_214";77;44;455;44,5;32,9180574417114;2,76273161172867
46,9;4,59539716668199;47,2762886683073;20;463;126;310;38,4419512557983;9,21;7,91;"OS_214";101;81;589;66,5;46,9619512557983;4,17408585548401
39,5375;4,59559355139844;47,2835118726675;53;273;119;364;29,3220506668091;9,58;8,06;"OS_214";244;191;392;50,7;70,7220506668091;3,05928379297256
53,1;4,59410433333651;47,2802626657633;35;289;147;511;22,9174368476868;9,91;6,93;"OS_214";53;18;436;39,6;23,1574368476868;2,31185033917427
50,725;4,5874554998176;47,2751021547316;51;351;166;416;20,5018433380127;10;7,15;"OS_214";67;16;517;35,5;20,6218433380127;2,04034596681595
48,2375;4,5964126673186;47,2804371694808;28;346;142;467;22,3944147872925;9,89;7,13;"OS_214";45;17;488;38,7;22,5144147872925;2,26443603634834
50,7125;4,59119547433158;47,2757606539309;26;485;135;298;45,4961722564697;10;7,91;"OS_214";82;56;620;78,7;50,1761722564697;4,54772531986237
52,5475;4,60084641324424;47,2817109661969;36;235;86;413;31,295068321228;9,21;8,01;"OS_214";266;230;321;54,1;65,735068321228;3,39613050222397
39,70625;4,58888583051432;47,2780896694141;40;359;170;415;22,0005576705933;10,1;7,07;"OS_214";56;16;529;38,1;22,2405576705933;2,17783778905869
50,04375;4,60414149945358;47,2821511650293;24;278;118;454;27,8754837417603;9,1;8,11;"OS_214";150;126;396;48,2;42,6354837417603;3,06265383958817
58,9625;4,60258477502257;47,2796620749055;36;348;103;389;46,5415376663208;10;7,96;"OS_214";160;124;451;80,5;62,1415376663208;4,6561461687088
54,41875;4,60061083369056;47,2880026693251;24;342;116;458;28,8956065750122;8,95;8,02;"OS_214";84;60;458;50;36,3356065750122;3,2280421257019
61,39375;4,59094313540188;47,2785426738201;28;450;130;354;28,9996708869934;9,51;7,99;"OS_214";66;38;580;50,2;32,5996708869934;3,04865330457687
44,75;4,60406952745924;47,2879048075563;30;303;127;504;27,9005082130432;9,21;8,02;"OS_214";66;36;430;48,3;32,1005082130432;3,03046405315399
49,08125;4,60372083373874;47,2843473346724;28;388;143;422;27,7411853408813;9,23;7,53;"OS_214";47;19;531;48;28,5811853408813;3,0060750246048
46,85;4,59854364272906;47,2793100030714;19;392;118;400;33,011231803894;9,54;8;"OS_214";90;71;510;57,1;42,611231803894;3,45947027206421
56,825;4,60568857472767;47,2814476686362;30;354;118;476;35,5631777572632;10,2;7,54;"OS_210";52;22;472;61,5;36,8831777572632;3,47846031188965
43,48125;5,04309916701302;47,505959003604;62;256;160;349;63,3085164642334;14,3;7,9;"OS_111";235;173;416;110;104,348516464233;4,42262977361679
57,9125;5,25195633381422;47,5038991677759;13;412;215;356;24,8525397872925;13,1;5,63;"OS_111";17;4;627;43;25,0925397872925;1,89445644617081
52,2375;4,74889916612029;47,3463121668363;32;420;141;361;42,2669491958618;12,6;7,09;"OS_111";78;46;561;73,1;42,7469491958618;3,34222942590714
42,68125;5,47168416620878;47,5934908309144;24;368;219;361;30,3280934143066;12;6,11;"OS_111";52;28;587;52,5;30,4480934143066;2,52244532108307
61,7375;5,31661549946406;47,1825708339517;102;336;323;175;12,7845916938781;9,56;7,89;"OS_214";166;64;659;22,1;13,2645916938781;1,33765235543251
41,58125;4,98116633296018;47,1471538309344;110;322;376;158;9,19;10,7;7,74;"OS_214";144;34;698;15,9;9,19056892395019;0,858336687088012
58,7875;5,42538824855882;47,5430932233211;105;345;261;263;11,2049059963226;9,67;7,06;"OS_214";131;26;606;19,4;11,4449059963226;1,1589690297842
40,5;5,14131399958814;47,3195984966858;115;257;125;438;36,1452011489868;9,68;8,07;"OS_214";180;65;382;62,5;43,7052011489868;3,73568505048751
62,75;5,12653650048121;47,3617786672875;75;291;117;464;22,9099228286743;9,64;8,17;"OS_214";128;53;408;39,6;40,6699228286743;2,37619817256927
51,375;5,21085299959762;47,2577419981232;37;337;216;347;16,1699821090698;9,05;8,17;"OS_214";100;63;553;28;23,0099821090698;1,78649604320526
48,13125;5,19488316661368;47,3510838294728;67;298;207;343;18,1423598289489;9,6;8,22;"OS_214";152;85;505;31,4;32,5423598289489;1,88907980918884
55,03125;4,73986783317791;47,4231415675912;72;447;134;293;38,9727827453613;10,2;7,86;"OS_214";126;54;581;67,4;42,3327827453613;3,80247324705123
58,1125;5,04170049942234;47,4226338325451;30;347;237;382;19,6;10,7;7,15;"OS_214";34;4;584;33,9;19,6424686908721;1,82477548718452
46,93125;5,05688899949894;47,1300136623876;23;268;78;624;30,6609763336181;9,12;8,19;"OS_214";30;7;346;53;40,7409763336181;3,36059123277664
54,24375;5,16314649972842;47,4620508365918;16;265;129;572;21,7811897087097;10,1;7,89;"OS_214";34;18;394;37,7;22,5011897087097;2,15991362929344
58,79375;5,14024483326497;47,2590931670234;80;258;158;470;13,8810004043579;10,6;8,33;"OS_214";114;34;416;24;41,0010004043579;1,30746126174926
43,00625;5,31455116611006;47,3855300005531;113;335;354;146;10,6;11;6,96;"OS_214";165;52;689;18,3;10,5864322185516;0,961736440658569
44,7;4,9031369230832;47,3855068883602;48;311;192;358;22,935574054718;9,67;8,21;"OS_214";139;91;503;39,7;37,935574054718;2,37233996391296
52,075;4,89528700003143;47,1704748355188;149;192;223;272;15,2895766067505;10,2;8,35;"OS_214";313;164;415;26,5;53,2095766067505;1,50335520505905
42,46875;5,33834733348462;47,4818568325078;75;366;321;167;15,1;9,89;7,39;"OS_214";146;71;687;26,1;15,0969266891479;1,52650624513626
48,0875;5,33680516690868;47,3473248311748;69;257;258;397;20,3;11;7,13;"OS_214";88;19;515;35,1;20,31;1,85
47,18125;5,20751333355009;47,2500041676232;77;284;126;426;25,54;8,93;8,18;"OS_214";164;87;410;44,2;63,94;2,86
42,18125;5,36156066716311;47,4078536687054;58;366;343;207;12,9;10,5;7,31;"OS_214";84;26;709;22,3;12,85;1,23
54,60625;5,35500600041932;47,4096281683066;46;392;292;247;10,6;10,1;6,54;"OS_214";69;23;684;18,3;10,63;1,05
57,66875;5,21833249982052;47,4165066688117;44;375;160;377;25,33;10,3;8,15;"OS_214";88;44;535;43,8;34,57;2,46
48,625;5,25672116717204;47,0371476703995;99;402;263;171;7,96;10,2;7,32;"OS_214";164;65;665;13,8;7,95534074306488;0,782196894288063
60,6875;5,11622102789081;47,5547633297824;26;275;122;542;27,3602034187317;9,44;8,13;"OS_214";61;35;397;47,3;34,2002034187317;2,8980764746666
56,425;4,83261347279814;47,4485650207346;44;388;119;314;42,0790738677979;9,54;7,99;"OS_214";179;135;507;72,8;62,1190738677979;4,40862268209457
46,125;4,99950566654758;47,2360753293415;38;297;166;489;24,5759293365479;8,95;7,99;"OS_214";48;10;463;42,5;25,8959293365479;2,74581253528595
45,4375;5,42808833343247;47,3838125011695;85;273;202;334;12,7190250015259;9,28;8,16;"OS_214";191;106;475;22;15,3590250015259;1,37025371193886
39,0375;5,13818666723248;47,3919471679814;53;366;243;300;13,1685197353363;10;6,39;"OS_214";91;38;609;22,8;13,1685197353363;1,31513014435768
44,525;5,13011231600448;47,3982579803058;111;327;132;237;14,0033333333333;8,92;8,4;"OS_214";304;193;459;24,2;115,443333333333;1,57
57,88125;4,68806199946396;47,3675438319268;52;264;128;532;54,5554444122314;9,4;7,35;"OS_210";76;24;392;94,4;55,8754444122314;5,8066314458847
51,20625;4,99014707400122;47,1553648074714;71;291;291;316;23,6960911750793;9,99;7,06;"OS_210";102;31;582;41;23,6960911750793;2,37154021859169
46,73125;4,6173343327545;47,2907229959614;45;276;130;503;44,5562181854248;9,42;7,85;"OS_210";91;46;406;77,1;51,5162181854248;4,73183929920197
45,675;4,72323099976974;47,3719478331203;84;313;165;400;30,5293973731995;10,3;7,26;"OS_210";122;38;478;52,8;30,6493973731995;2,95618891716003
58,95;4,71182033382551;47,2883980031346;63;363;168;343;37,1485280990601;9,79;5,64;"OS_210";126;63;531;64,3;37,1485280990601;3,79290461540222
50,21875;4,93776783350482;47,4278426682124;62;342;112;332;46,067600402832;10,4;8,11;"OS_210";214;152;454;79,7;82,907600402832;4,44849461317062
59,36875;5,17417030093677;47,4283444258039;127;340;301;151;14,3887221813202;10,8;5,96;"OS_210";208;81;641;24,9;14,3887221813202;1,32689118385315
60,4937499999999;5,18646050024777;47,3547994993005;39;294;118;481;49,9439042663574;9,49;8,01;"OS_210";107;68;412;86,4;67,5839042663574;5,26096999645233
50,48125;4,96620766642679;47,3172148355624;98;192;114;449;21,1010958099365;10,6;8,29;"OS_218";245;147;306;36,5;66,4610958099365;1,98996782302856
87,26875;5,20246099811878;47,2795888290849;40;364;268;322;12,9543944644927;9,45;6,91;"OS_214";46;6;632;22,4;13,0743944644927;1,37015998363494
66,81875;5,20498738339323;47,2771876053979;36;360;227;344;14,7852387809753;9,25;8,13;"OS_214";69;33;587;25,6;18,7452387809753;1,59894615411758
137,03125;5,22159046949297;47,2650756551301;50;322;102;355;29,6840072250366;8,49;8,2;"OS_214";221;171;424;51,4;64,1240072250366;3,49429249763488
74,3625;5,22920424130464;47,2708647168407;37;393;280;278;12,4991846084594;9,52;6,83;"OS_214";49;12;673;21,6;12,4991846084594;1,31259024143219
100,3;4,59720733359462;47,2801771637791;33;398;122;420;31,3771220588684;9,76;7,81;"OS_111";60;27;520;54,3;34,7371220588684;3,21392744779587
99,8875;4,59637050032218;47,2845655022307;81;330;181;320;61,8902770996094;12,9;8,04;"OS_111";169;88;511;107;117,690277099609;4,78835076093674
113,6375;4,60101407866848;47,2753875332316;28;471;126;320;36,0909687805176;9,39;7,96;"OS_214";83;55;597;62,4;43,4109687805176;3,84248167276382
79,3625;4,5906392692573;47,2815228962795;53;246;142;392;26,6069919204712;9,67;8,06;"OS_214";220;167;388;46;60,4469919204712;2,75129586458206
64,25625;4,59964333317219;47,2836394991539;28;325;136;497;23,1851818847656;9,66;7,64;"OS_214";42;14;461;40,1;23,9051818847656;2,40075021982193
64,2;4,59946873646113;47,2758960839142;17;415;107;367;31,5933708190918;9,61;7,96;"OS_214";111;94;522;54,7;41,1933708190918;3,28629076480865
69,475;4,59314850032752;47,2747086710358;22;383;131;413;28,0731275939941;9,9;7,98;"OS_214";73;51;514;48,6;33,2331275939941;2,83497214317322
67,23125;4,60761549953188;47,2843361624264;31;242;94;482;28,5869992828369;9,64;8,1;"OS_214";182;151;336;49,5;49,2269992828369;2,96618282794952
121,15625;4,58907316622235;47,277529665137;35;311;145;492;23,2209206962585;9,48;7,33;"OS_214";52;17;456;40,2;23,5809206962585;2,448810338974
70,65625;4,60023944689955;47,2905801273916;17;502;200;244;75,4876873779297;10,3;7,64;"OS_210";54;37;702;131;79,2076873779297;7,36434161663055
142,2625;4,60257209342725;47,2887979158237;64;305;162;357;55,7543414306641;10,8;7,96;"OS_210";176;112;467;96,5;105,434341430664;5,17918646335602
117,1;4,59660742995901;47,2783377626066;25;436;124;373;27,6399873924255;9,36;7,92;"OS_210";67;42;560;47,8;31,7199873924255;2,9534500837326
121,6875;4,59849808833758;47,2749729040261;41;475;133;200;41,360675201416;10;7,91;"OS_210";192;151;608;71,6;62,000675201416;4,12260353565216
81,5375;4,71870433254821;47,4656751628562;22;378;139;349;60,4046801376343;15,6;7,91;"OS_111";134;112;517;105;78,5246801376343;3,86142760515213
79,6;5,26116491230036;47,4937861207272;19;456;278;241;20,1807856559753;12,6;5,39;"OS_111";25;6;734;34,9;20,1807856559753;1,6058823466301
81,56875;5,42708916718403;47,2855615000196;128;124;52;253;27,2817587852478;11,8;5,44;"OS_111";571;443;176;47,2;27,2817587852478;2,31632366776466
100,75;5,46216316713131;47,2246161629286;217;193;123;116;16,1273550987244;14,2;5,07;"OS_111";568;351;316;27,9;16,1273550987244;1,13400161266327
64,04375;5,3132904996659;47,5568608349642;26;385;292;293;24,5582222938538;13,8;5,17;"OS_111";30;4;677;42,5;24,5582222938538;1,7734669148922
65,48125;5,26204616672498;47,5420578326141;40;419;255;283;24,0212917327881;12,8;5,34;"OS_111";43;3;674;41,6;24,0212917327881;1,87003761529922
124,56875;5,26449999954578;47,5418416645177;63;425;264;244;18,3192586898804;12,8;5,21;"OS_111";67;4;689;31,7;18,3192586898804;1,43034264445305
77,6625;5,45640214943358;47,5914701701173;43;439;331;151;15,3385305404663;13;5,51;"OS_111";79;36;770;26,5;15,3385305404663;1,18157960474491
99,60625;5,4644354993549;47,5899056648056;37;458;290;169;18,7397909164429;13,4;5,28;"OS_111";83;46;748;32,4;18,7397909164429;1,40361934900284
115,4;4,80599050033342;47,4142083344498;33;303;151;507;39,7466516494751;13,5;5,49;"OS_111";39;6;454;68,8;39,7466516494751;2,94326335191727
74,59375;5,31422750031594;47,1247975017666;114;194;198;387;20,3949603080749;10,1;8,13;"OS_214";221;107;392;35,3;26,9949603080749;2,01760590076446
68,1125;5,09117533293513;47,6511568317574;64;297;113;254;32,3174498748779;9,49;8,15;"OS_214";336;272;410;55,9;78,9974498748779;3,40623199939727
116,75;5,04043033289574;47,2018063299497;84;271;200;421;16,9;10,4;7,01;"OS_214";108;24;471;29,2;16,8616485595703;1,62076935172081
79,375;5,35395383332107;47,3224825024691;48;448;310;152;11,4;10,7;7,39;"OS_214";90;42;758;19,7;11,4396750926971;1,06299735605716
67,325;5,21324310895183;47,592089270993;17;391;257;319;21,8024400901794;10,1;7,81;"OS_214";33;16;648;37,7;22,8824400901794;2,16854602098464
79,925;5,09032633362071;47,2325446700288;43;355;249;315;13,5581923866271;9,8;7,43;"OS_214";81;38;604;23,5;13,9181923866271;1,38407915830612
74,70625;5,17724618330572;47,2945690111483;49;372;168;345;36,7512462615966;9,1;8,16;"OS_214";115;66;540;63,6;76,9512462615966;4,03896868228912
80,675;4,92909216681658;47,2759098300711;148;178;241;284;21,6269180679321;9,91;8,18;"OS_214";297;149;419;37,4;57,3869180679321;2,18242228031158
67,65625;4,96846466716196;47,331723000003;166;160;110;326;19,9545896148681;10,6;8,3;"OS_214";404;238;270;34,5;83,1945896148681;1,88583269715309
107,975;5,36966633358991;47,3440933311027;94;389;280;210;11,9177405929565;12,3;7,42;"OS_214";121;27;669;20,6;12,1577405929565;0,965462103486061
80,66875;5,14915250025093;47,1850974978985;48;357;261;319;11,7;9,36;6,92;"OS_214";63;15;618;20,2;11,6746664047241;1,24939940869808
95,45625;4,91390700066875;47,2389970006024;173;169;329;312;18,0793785667419;9,79;8,03;"OS_214";190;17;498;31,3;20,1193785667419;1,84677705168724
122,03125;5,26010066638579;47,404531502626;73;288;134;403;19,0311735916137;9,38;8,24;"OS_214";175;102;422;32,9;58,1511735916137;2,02993437647819
84,26875;4,74187533403766;47,1962405035327;22;428;154;356;36,5626813888549;10,4;7,96;"OS_214";62;40;582;63,3;41,3626813888549;3,50309342145919
126,85;5,13353033263745;47,3673816628509;100;319;192;349;27,4293227386474;8,77;8,22;"OS_214";140;40;511;47,5;66,9093227386474;3,12915533781051
104,3625;5,22284800003131;47,2239769983278;101;257;113;280;22,029500427246;8,64;8,28;"OS_214";350;249;370;38,1;89,5895004272461;2,5500276684761
141,08125;5,06822733353405;47,4858943364065;103;272;119;306;22,9915727615356;9,99;8,28;"OS_214";303;200;391;39,8;71,5915727615356;2,30249926447868
84,45625;5,07029533364532;47,4574351643193;16;372;177;427;17,9994528388977;10,4;6,91;"OS_214";24;8;549;31,1;18,2394528388977;1,73521444201469
85,83125;5,21355983289805;47,3774494994023;41;407;216;303;17,4295640945434;10,4;8,1;"OS_214";74;33;623;30,2;19,8295640945434;1,6702926158905
107,41875;5,19803600046536;47,3894241681751;42;364;204;318;16,045575389862;9,7;8,24;"OS_214";114;72;568;27,8;25,285575389862;1,65502250194549
99,3625;5,19501033327595;47,1432078318501;55;331;112;479;23,4718848419189;9,88;8,29;"OS_214";78;23;443;40,6;47,3518848419189;2,37550944089889
105,45;5,33806616641168;47,575802332971;30;439;301;197;13,7;10,8;6,75;"OS_214";63;33;740;23,7;13,6918711662292;1,27250105142593
71,13125;5,14838116658291;47,1778791674408;54;320;259;339;15,9;10,9;7,12;"OS_214";82;28;579;27,5;15,9095561504364;1,46185249090194
73,19375;4,81081149980802;47,4607750009453;101;224;114;188;26,2312640380859;9,03;8,2;"OS_214";474;373;338;45,4;96,3112640380859;2,90506422519683
175,8;5,07779066712284;47,3870943301097;84;271;163;356;30,7407829284667;12;8,25;"OS_214";210;126;434;53,2;53,5407829284668;2,55822658538818
149,625;5,27931366634048;47,1452911637543;78;309;212;358;16,4996414756774;9,19;8,23;"OS_214";121;43;521;28,5;17,9396414756774;1,79543271660804
83,38125;5,00284683397004;47,2607596701011;40;283;158;451;24,2403070831299;9,12;8,11;"OS_214";108;68;441;41,9;33,0003070831299;2,65722960233688
73,88125;5,2090261668138;47,4836300018339;103;354;152;280;18,8839292399089;9,9;8,25;"OS_214";214;111;506;32,7;112,763929239909;1,90730743567149
112,11875;5,16785050065417;47,5104216681103;20;386;165;395;20,83;9,73;8,07;"OS_214";54;34;551;36;23,47;2,14
111,40625;5,23608283361678;47,2057413327285;17;373;52;549;20,64;9,01;8,2;"OS_214";26;9;425;35,7;45,96;2,29
112,6625;5,18506933399238;47,1930753335499;23;216;90;664;25,09;8,9;7,66;"OS_214";30;7;306;43,4;25,57;2,82
104,56875;5,3067429091466;47,4703195102201;89;344;248;189;11,9;11,7;7,53;"OS_214";219;130;592;20,6;11,94;1,02
123,4;5,26227542900753;47,4769171222047;57;410;175;246;27,89;10,2;8,06;"OS_214";169;112;585;48,2;39,53;2,74
67,0125;4,80537983334966;47,4849915014112;22;382;138;396;26,6341795539856;9,12;8,02;"OS_214";84;62;520;46,1;34,6741795539856;2,91932791471481
91,8375;5,33585672085813;47,1580670281136;62;248;108;400;24,8087356567383;8,67;8,16;"OS_214";244;182;356;42,9;50,0087356567383;2,86242872476578
85,99375;4,98613733370057;47,4128224968945;107;351;174;209;19,4066666666667;9,04;8,21;"OS_214";266;159;525;33,6;109,046666666667;2,14666666666667
98,35625;5,3081870185555;47,505657584686;74;373;235;225;12,8;10,7;7,71;"OS_214";167;93;608;22,1;12,7983248233795;1,20144620537758
104,10625;5,35857716613307;47,4649613327145;27;399;248;308;13,8643682003021;9,56;7,39;"OS_214";45;18;647;24;13,8643682003021;1,45006284117699
103,9125;4,74383660344969;47,5294460294309;83;304;108;171;32,3652365875244;9,76;8,1;"OS_214";417;334;412;56;91,0452365875244;3,31441730260849
82,0125;5,38732349938152;47,4823361626011;37;318;158;479;44,8655702209473;9,25;7,9;"OS_210";45;8;476;77,6;51,7055702209473;4,85242456197739
157,00625;5,36796099964331;47,1910753353153;111;174;116;366;32,0048999786377;10;6,19;"OS_210";344;233;290;55,4;32,0048999786377;3,19859117269516
105,21875;5,40554166619527;47,2702835015891;196;158;162;315;31,5110683441162;10,4;5,79;"OS_210";365;169;320;54,5;31,5110683441162;3,03843438625336
132,4125;4,63821833329615;47,4748903353512;51;420;188;319;47,2983084869385;9,14;7,74;"OS_210";73;22;608;81,8;50,1783084869385;5,173659324646
77,38125;5,11644723010328;47,1448574988848;84;260;172;460;30,6967282295227;9,48;6,12;"OS_210";108;24;432;53,1;30,6967282295227;3,23790371417999
114,61875;5,26792250017331;47,4744809978204;124;260;133;219;26,6179539108276;11,3;8,23;"OS_210";388;264;393;46;71,9779539108276;2,35042527318001
126,33125;4,96824750039416;47,331447334651;200;162;148;340;16,5942283630371;9,41;8,25;"OS_218";350;150;310;28,7;81,9942283630371;1,76378980278969
66,95;4,88359266660463;47,1680173351423;197;286;241;210;14,225312423706;9,98;8,36;"OS_218";263;66;527;24,6;73,025312423706;1,42602577805519
70,6875;4,87192066666705;47,1340176667132;145;235;202;306;13,2589514923095;11,1;8,34;"OS_218";257;112;437;22,9;53,9389514923095;1,19774542748928
83,0924999999999;4,87815533463189;47,1441978754832;182;182;242;324;22,346561088562;10,1;8,12;"OS_218";252;70;424;38,7;37,706561088562;2,2208759188652
91,99375;4,85806716647653;47,1803378345061;133;208;260;304;18,1953601837158;10,5;8,15;"OS_218";228;95;468;31,5;45,1953601837158;1,72781080007553
