"Richesse";"Long";"Lat";"SableF";"LimonF";"LimonG";"Argile";"C_org";"C.N";"pH_eau";"OS";"Sables";"SableG";"Limons";"MO";"C_tot";"N_tot"
0,75;5,21210583404264;47,2725816693599;49;265;123;348;25,9939623260498;9,19;8,21;"OS_214";264;215;388;45;53,9539623260498;2,82855510711669
1;5,20696187110195;47,2720012026245;37;333;210;340;13,3392393875122;9,1;8,27;"OS_214";117;80;543;23,1;23,0592393875122;1,46529451012611
1;5,19903893091106;47,278380992203;40;353;251;338;12,2993802165985;8,95;7,92;"OS_214";58;18;604;21,3;13,1393802165985;1,37367069721221
1;5,20667260372542;47,2678300270835;42;342;211;281;15,1749256706237;10,1;8,37;"OS_214";166;124;553;26,3;26,8149256706237;1,50954708456993
1,25;5,21157049393543;47,2702858378279;45;291;143;384;45,4956164932251;11,3;8,18;"OS_214";182;137;434;78,7;55,9356164932251;4,02504801750183
0,25;5,21786666611884;47,2691484999073;68;283;117;355;33,5556358718872;9,29;8,16;"OS_214";245;177;400;58,1;62,1156358718872;3,61125022172927
1;5,21886116682223;47,2673936656359;62;285;100;212;24,0321775817871;9,13;8,27;"OS_214";403;341;385;41,6;87,3921775817871;2,63315826654434
1;5,21683749960843;47,2654975013516;67;201;79;224;27,0055442047119;8,95;8,28;"OS_214";496;429;280;46,7;90,4855442047119;3,01598101854324
0,25;5,21878711238058;47,2611448686797;60;298;102;323;33,6224789047241;8,59;8,14;"OS_214";277;217;400;58,2;77,1824789047241;3,91538381576538
1,25;5,22288200011081;47,2665108299639;48;250;143;334;20,2789326095581;8,75;8,23;"OS_214";273;225;393;35,1;51,2389326095581;2,31764286756515
1;5,22287083294087;47,2631644959122;44;233;98;269;25,8423628997802;8,37;8,24;"OS_214";400;356;331;44,7;68,3223628997802;3,08726757764816
1,25;5,22524053001296;47,2700917034218;37;363;255;333;15,5852191543579;9,46;7,34;"OS_214";49;12;618;27;15,8252191543579;1,64815515279769
1,25;5,23077466674358;47,2728693323008;36;382;271;298;11,5783476829528;9,51;5,92;"OS_214";49;13;653;20;11,5783476829528;1,21689282357692
1,5;5,22512649983532;47,2730353304696;37;383;278;289;12,126663570404;9,35;6,31;"OS_214";50;13;661;21;12,246663570404;1,29668176174163
1,5;5,23097866640774;47,2749653312561;43;402;302;238;11,1071169376373;9,49;5,8;"OS_214";58;15;704;19,2;11,1071169376373;1,17045477032661
1,5;5,22347333410078;47,2742195038158;34;351;245;352;15,081785697937;8,96;7,67;"OS_214";52;18;596;26,1;15,561785697937;1,68376490473747
0,25;5,22779200033199;47,2764883377389;40;398;301;244;11,4123690128326;9,41;6,79;"OS_214";57;17;699;19,7;11,4123690128326;1,21238179504871
1,25;5,22605857215995;47,2778474984762;35;376;273;304;15,3520413684844;9,44;6,61;"OS_214";47;12;649;26,6;15,4720413684844;1,62682980298995
1,5;5,2293663007282;47,2786384424485;45;396;301;243;10,7963705062866;9,47;6,1;"OS_214";60;15;697;18,7;10,7963705062866;1,13982684910297
1,5;5,22705056803436;47,2810571371935;43;373;278;291;12,5696464824676;9,66;6,98;"OS_214";58;15;651;21,7;12,6896464824676;1,30136162042617
0;5,21629400055701;47,2640146641592;51;136;70;172;34,6591715240478;9,06;8,29;"OS_210";622;571;206;60;102,219171524047;3,82463783025741
1;5,21960819142492;47,264435183796;63;232;96;266;28,7148314666748;9,37;8,32;"OS_210";406;343;328;49,7;79,5948314666748;3,06446462869644
1;5,22387349993937;47,2615450036208;57;320;138;272;29,7567191314697;9,18;8,16;"OS_210";270;213;458;51,5;57,2367191314697;3,24033617973327
1,5;4,59624883346674;47,2898723299107;58;419;112;247;48,2087912750244;9,36;7,94;"OS_214";222;164;531;83,4;75,6887912750244;5,14937162399292
1,5;4,60112686184349;47,285484287162;35;393;125;399;29,0811794471741;9,53;7,94;"OS_214";83;48;518;50,3;33,7611794471741;3,05311441421509
1,5;4,59314980180037;47,2834205643737;54;243;87;254;44,9899534606934;9,49;8,05;"OS_214";416;362;330;77,8;97,5499534606934;4,73897516727448
1,5;4,60995566614494;47,2837018289257;67;238;133;311;57,6554837036133;9,78;7,91;"OS_210";318;251;371;99,7;117,175483703613;5,89787483215332
1,5;4,82623975183778;47,1710574831011;26;266;141;553;65,7426556396484;16,1;6,38;"OS_111";40;14;407;114;65,8626556396484;4,08314198255539
1,5;4,84558235292887;47,3872253178048;15;268;180;534;54,3432196426392;14,9;6,38;"OS_111";18;3;448;94;54,4632196426392;3,63510519266129
1,25;4,97250866619659;47,3937323297703;23;257;124;537;55,7943581390381;14,4;7,57;"OS_111";82;59;381;96,5;61,9143581390381;3,8874939084053
1,25;5,21794649990952;47,5954218349009;12;298;174;460;63,0204022598267;13,9;7,72;"OS_111";68;56;472;109;70,7004022598267;4,53178077936172
1,5;5,10596015675859;47,1442426784815;149;342;329;136;18,529771566391;15,5;5,25;"OS_111";193;44;671;32,1;18,529771566391;1,19338989257812
0,75;5,2198414997438;47,1869568347498;211;281;328;119;16,1167728900909;14,8;4,92;"OS_111";272;61;609;27,9;16,1167728900909;1,09085164964199
1;5,06384749946542;47,5340008363264;10;332;190;462;49,6594058609009;16,3;6,81;"OS_111";16;6;522;85,9;50,4994058609009;3,04619073867798
0,75;5,24469999961624;47,4062543300283;37;418;248;258;19,1681289672852;11,9;4,88;"OS_111";76;39;666;33,2;19,1681289672852;1,60794764757156
0,5;5,44831866710655;47,5251596665685;89;405;312;179;18,7930059432983;13,9;4,83;"OS_111";104;15;717;32,5;18,7930059432983;1,35546073317528
0,75;5,05637716747448;47,6234730038752;56;256;110;299;73,0571865081787;13,1;7,96;"OS_111";335;279;366;126;115,657186508179;5,58353900909424
0,75;5,43636549019842;47,5909016900328;50;296;183;386;9,92;10,1;6,09;"OS_214";135;85;479;17,2;9,91840660572052;0,979475304484367
0,75;5,1898783329806;47,5213763342978;84;368;150;219;27,2688298797607;11,6;8,21;"OS_214";263;179;518;47,2;88,7088298797607;2,35815674066543
1,25;5,44769433322216;47,2490741674844;213;68;60;75;10,1;10,7;7,34;"OS_214";797;584;128;17,5;10,133718252182;0,941366702318191
0,25;5,21971493624057;47,5799341836937;15;401;208;368;17,9305232906341;11,3;7,46;"OS_214";23;8;609;31;18,2905232906341;1,58827140927314
1,5;5,1308951664774;47,2316994959672;55;280;114;510;19,546009311676;8,97;8,25;"OS_214";96;41;394;33,8;37,786009311676;2,17857792973518
1,5;4,92909216681658;47,2759098300711;148;178;241;284;21,6269180679321;9,91;8,18;"OS_214";297;149;419;37,4;57,3869180679321;2,18242228031158
0,75;5,19567311469472;47,5330206381896;52;274;141;214;38,2813817596435;12,1;8,06;"OS_214";371;319;415;66,2;87,1213817596435;3,1660121679306
1,5;5,10769392498449;47,3612953289085;110;235;154;481;19,8378992843627;8,37;8,26;"OS_214";130;20;389;34,3;30,7578992843627;2,36948415637016
1,5;5,21085299959762;47,2577419981232;37;337;216;347;16,1699821090698;9,05;8,17;"OS_214";100;63;553;28;23,0099821090698;1,78649604320526
0,5;4,77911031718973;47,3902970575971;30;453;133;335;27,8600016403198;10,1;7,95;"OS_214";79;49;586;48,2;29,7800016403198;2,76935309171676
1,5;4,81235565584989;47,5351535045367;49;397;137;230;36,6680418014526;10,5;8,1;"OS_214";236;187;534;63,4;63,0680418014526;3,47869038581848
1,5;5,05688899949894;47,1300136623876;23;268;78;624;30,6609763336181;9,12;8,19;"OS_214";30;7;346;53;40,7409763336181;3,36059123277664
0;5,03808834764988;47,5956983543217;91;295;118;177;26,7616988372802;9,35;8,28;"OS_214";410;319;413;46,3;65,6416988372802;2,8608027100563
1,5;5,12594416610213;47,4721531690896;57;276;138;418;30,6783242797851;11,4;8,28;"OS_214";168;111;414;53,1;68,1183242797851;2,69848644733428
1;4,75565133271077;47,4525981643979;39;373;146;418;27,0605677223206;9,51;7,92;"OS_214";63;24;519;46,8;29,7005677223206;2,84560799598694
1,5;5,28126224493271;47,1666804362862;84;174;108;334;18,8059379196167;9,19;8,23;"OS_214";384;300;282;32,5;55,6459379196167;2,04668864607811
1,5;4,98646200036498;47,3629701626403;107;181;100;432;24,9303652572632;9,53;8,21;"OS_214";287;180;281;43,1;68,2503652572632;2,61670589447021
1,25;5,35685866436399;47,4323459101271;50;374;279;274;13,3;9,45;7,25;"OS_214";73;23;653;23;13,3227360248566;1,4079438149929
1;5,34759656336407;47,4561756430107;53;435;312;165;10,2036075687408;9,76;7,77;"OS_214";88;35;747;17,7;10,4436075687408;1,04535587131977
1,5;4,83261347279814;47,4485650207346;44;388;119;314;42,0790738677979;9,54;7,99;"OS_214";179;135;507;72,8;62,1190738677979;4,40862268209457
1,25;5,06127016661694;47,258614836854;45;363;219;338;12,3007733345032;9,51;8,07;"OS_214";80;35;582;21,3;14,1007733345032;1,29316508769989
1,5;5,45478283319505;47,2650383350149;213;58;38;70;4,65515285730362;10,5;5,94;"OS_214";834;621;96;8,05;4,65515285730362;0,443610176444054
0,5;5,0392241666821;47,2486388359314;47;342;234;333;14,9;10,2;7,29;"OS_214";91;44;576;25,8;14,8625028133392;1,46530777215958
1,5;4,9257049999348;47,5368519670017;63;312;135;340;29,4663771057129;9,44;8,08;"OS_214";213;150;447;51;61,6263771057129;3,12177181243896
1,25;5,19865333352606;47,2891580026813;33;348;252;360;13,1;9,62;7,04;"OS_214";40;7;600;22,7;13,1173586845398;1,36155515909195
1,5;5,18860549994145;47,1334668309626;84;211;171;468;17,6012694835663;9,16;7,19;"OS_214";150;66;382;30,5;17,6012694835663;1,92235633730888
0,5;4,8898909986457;47,3902891931653;32;510;152;233;38,3235988998413;9,87;7,99;"OS_214";105;73;662;66,3;45,2835988998413;3,88149470090866
0,5;5,08719556644682;47,4125019664462;37;351;138;355;37,0447110748291;9,33;7,98;"OS_210";156;119;489;64,1;54,0847110748291;3,97103011608124
0,5;4,99026116672556;47,3582454967355;56;237;121;512;50,4576192855835;9,6;7,94;"OS_210";130;74;358;87,3;76,8576192855835;5,25387346744537
1,5;4,95551949965968;47,6132164994737;77;206;91;299;44,7412722015381;9,33;8,01;"OS_210";404;327;297;77,4;113,501272201538;4,79406774044037
0,5;4,72926574883218;47,5271434923132;40;394;171;245;64,1676221466064;9,49;7,95;"OS_210";190;150;565;111;92,6076221466064;6,76494896411896
0,25;4,94032912866279;47,2009398584352;33;292;67;543;35,8529367446899;9,68;8,03;"OS_210";98;65;359;62;41,8529367446899;3,70239198207855
1,25;4,97351488108001;47,2524699530553;77;245;176;356;21,1068362426758;11,7;8,27;"OS_218";223;146;421;36,5;43,1868362426758;1,80879160761833
1,25;4,97398866645502;47,2548880007438;112;205;167;429;18,5885122871399;10,9;8,29;"OS_218";199;87;372;32,2;30,2285122871399;1,71201378107071
1;4,97835900062954;47,2636638369498;97;215;170;426;16,8187014579773;11,1;8,13;"OS_218";189;92;385;29,1;27,6187014579773;1,5193572640419
0,5;4,9798850529084;47,2661542783181;105;181;161;423;17,2331647109985;10,5;8,19;"OS_218";235;130;342;29,8;33,3131647109985;1,63532003760338
0,25;4,98796383406893;47,2739513368465;50;266;168;419;19,1458023834229;10,6;8,21;"OS_218";147;97;434;33,1;31,2658023834229;1,81075930595398
0,25;4,98370333389831;47,2666288319882;77;204;151;389;20,7015772628784;11,5;8,22;"OS_218";256;179;355;35,8;49,6215772628784;1,79592907428741
1,25;4,9560361660525;47,1833281659984;66;243;166;409;20,1579538726807;11,6;8,23;"OS_218";182;116;409;34,9;41,5179538726807;1,74434587359428
1;4,95939916635495;47,1922726658436;71;257;146;350;15,4636686325073;10,5;8,26;"OS_218";247;176;403;26,8;43,6636686325073;1,47055074572563
1;4,96384700039795;47,2332996645061;81;226;152;359;20,1995207595825;10,7;8,29;"OS_218";263;182;378;34,9;48,5195207595825;1,89391791820526
0,5;4,96768849941685;47,22809066475;110;180;164;426;18,4120599555969;11,1;8,22;"OS_218";230;120;344;31,9;37,7320599555969;1,66447699069977
1,25;4,99722516696618;47,2862991635916;42;298;179;366;14,3438481521606;10,4;8,26;"OS_218";157;115;477;24,8;33,4238481521606;1,38497337698936
1;4,96783366738748;47,216706170677;65;238;153;400;18,8828254699707;10,9;8,18;"OS_218";209;144;391;32,7;36,2828254699707;1,7293980717659
1;4,96513616651567;47,2032236657616;66;227;162;423;22,585808391571;11,7;8,19;"OS_218";188;122;389;39,1;37,465808391571;1,93403035402297
0,75;4,96263916680524;47,1933224997272;63;206;150;468;22,0394083404541;11,5;8,23;"OS_218";176;113;356;38,1;40,3994083404541;1,9085019826889
0,75;4,95830149992839;47,1825388298283;71;273;154;373;17,2599938964843;10,6;8,27;"OS_218";200;129;427;29,9;43,8999938964843;1,62568002939224
1;4,84388750015005;47,1602793314502;181;170;194;270;19,9310363388061;10,1;8,22;"OS_218";366;185;364;34,5;55,5710363388061;1,9689205288887
0,5;4,98165506969751;47,2814784609475;38;298;168;474;17,824341506958;11,5;8,16;"OS_218";60;22;466;30,8;20,104341506958;1,54733121395111
0,75;4,99871366612589;47,2852044982336;34;307;177;403;22,0785303306579;10,9;8,14;"OS_218";113;79;484;38,2;31,5585303306579;2,01840505003929
0,75;4,96520266647337;47,208232167678;59;266;162;387;19,2317412185668;11,3;8,3;"OS_218";185;126;428;33,3;37,9517412185668;1,69998109340667
0,5;4,98158583298114;47,2459429980413;85;244;164;357;29,0548932266235;11,4;8,26;"OS_218";235;150;408;50,3;49,3348932266235;2,53907799720764
0,25;4,95787233289876;47,1898131698643;66;244;151;357;18,1643559646606;11,9;8,29;"OS_218";248;182;395;31,4;44,4443559646606;1,52033314108848
0,5;4,92807950015309;47,1551856688999;76;238;76;385;26,8840162277221;10,5;8,27;"OS_218";301;225;314;46,5;67,6840162277221;2,54894196987152
0;4,97743566700264;47,2442746702639;115;242;174;326;18,5477671051025;12,1;8,31;"OS_218";258;143;416;32,1;53,1077671051025;1,53785064816474
1;4,9992271661766;47,286255669043;35;300;176;394;16,2637527275085;11,7;8,25;"OS_218";130;95;476;28,1;28,9837527275085;1,38877257704734
0,6;4,97447883357547;47,3231350009647;81;190;90;512;22,6306778335571;11;8,28;"OS_218";208;127;280;39,2;49,9906778335571;2,0535646378994
0,6;4,96809616695477;47,3169468375078;75;167;75;362;29,6939013290405;10,5;8,17;"OS_218";396;321;242;51,4;78,4139013290405;2,81594604253769
0,4;4,98350166638145;47,3111640031221;109;237;141;411;17,3623292541504;10,7;8,34;"OS_218";211;102;378;30;77,6023292541504;1,61841034889221
2;5,19876316691503;47,2806783368212;39;336;237;383;12,6604124355316;8,93;7,65;"OS_214";44;5;573;21,9;12,7804124355316;1,41806796193122
1,75;5,1989275485075;47,2795665688724;44;370;271;307;12,112357263565;9,29;6,94;"OS_214";52;8;641;21;12,232357263565;1,30327507853508
1,75;5,2055135888146;47,2747943438235;38;363;259;334;13,0846965312957;9,6;6,9;"OS_214";44;6;622;22,6;13,0846965312957;1,36301487684249
1,75;5,21050983299869;47,2754185004088;47;216;125;316;29,2341012573242;9,66;8,21;"OS_214";343;296;341;50,6;64,2741012573242;3,02690148353576
2;5,21362999949962;47,2697670029655;47;224;93;326;26,6912533187866;8,93;8,22;"OS_214";357;310;317;46,2;72,0512533187866;2,98992395401
2;5,20895872635101;47,2649046617311;36;336;217;363;17,2837751197814;9,4;8,11;"OS_214";84;48;553;29,9;24,0037751197814;1,83796271681785
2;5,22305071642091;47,2685240227499;40;310;195;340;21,747011642456;9,16;8,14;"OS_214";155;115;505;37,6;33,267011642456;2,37407594919204
1,75;5,2275116667968;47,2676940027081;36;363;255;330;15,1502241039276;9,6;7,59;"OS_214";52;16;618;26,2;15,5102241039276;1,57870233058929
2;5,22920424130464;47,2708647168407;37;393;280;278;12,4991846084594;9,52;6,83;"OS_214";49;12;673;21,6;12,4991846084594;1,31259024143219
1,75;5,23236083142099;47,2722418632721;39;402;305;240;11,9637748050689;9,82;6,48;"OS_214";53;14;707;20,7;12,0837748050689;1,21785216033458
1,75;5,20714998195518;47,2787232641224;47;260;153;405;32,1072397994995;9,86;8,18;"OS_210";182;135;413;55,5;52,0272397994995;3,25714111328125
2;5,21712742900206;47,2624614757843;96;225;106;252;29,9672722625732;8,9;8,27;"OS_210";417;321;331;51,8;83,4872722625732;3,36721986532211
2;4,59637050032218;47,2845655022307;81;330;181;320;61,8902770996094;12,9;8,04;"OS_111";169;88;511;107;117,690277099609;4,78835076093674
1,75;4,58926230247703;47,2789104772709;34;338;154;457;20,0623425292969;9,38;6,82;"OS_214";51;17;492;34,7;20,1823425292969;2,13856056332588
2;4,59559355139844;47,2835118726675;53;273;119;364;29,3220506668091;9,58;8,06;"OS_214";244;191;392;50,7;70,7220506668091;3,05928379297256
2;4,5874554998176;47,2751021547316;51;351;166;416;20,5018433380127;10;7,15;"OS_214";67;16;517;35,5;20,6218433380127;2,04034596681595
2;4,60084641324424;47,2817109661969;36;235;86;413;31,295068321228;9,21;8,01;"OS_214";266;230;321;54,1;65,735068321228;3,39613050222397
1,75;4,59241361229387;47,2731901780076;47;284;99;305;31,6447152328491;9,61;8,03;"OS_214";312;265;383;54,7;71,7247152328491;3,29169929027557
2;4,60761549953188;47,2843361624264;31;242;94;482;28,5869992828369;9,64;8,1;"OS_214";182;151;336;49,5;49,2269992828369;2,96618282794952
1,75;4,60414149945358;47,2821511650293;24;278;118;454;27,8754837417603;9,1;8,11;"OS_214";150;126;396;48,2;42,6354837417603;3,06265383958817
1,75;4,60258477502257;47,2796620749055;36;348;103;389;46,5415376663208;10;7,96;"OS_214";160;124;451;80,5;62,1415376663208;4,6561461687088
2;4,59094313540188;47,2785426738201;28;450;130;354;28,9996708869934;9,51;7,99;"OS_214";66;38;580;50,2;32,5996708869934;3,04865330457687
2;4,58890349976279;47,276934004126;39;371;141;385;23,9218343353271;9,52;8,02;"OS_214";103;64;512;41,4;29,5618343353271;2,5122058391571
2;4,58943854161516;47,2742123428551;47;288;128;432;26,1126436424255;9,57;8,08;"OS_214";152;105;416;45,2;36,1926436424255;2,72891342639923
2;4,60372083373874;47,2843473346724;28;388;143;422;27,7411853408813;9,23;7,53;"OS_214";47;19;531;48;28,5811853408813;3,0060750246048
2;4,59854364272906;47,2793100030714;19;392;118;400;33,011231803894;9,54;8;"OS_214";90;71;510;57,1;42,611231803894;3,45947027206421
1,75;4,69153416680116;47,4145655032133;11;473;174;320;19,9920284748077;16;5,06;"OS_111";33;22;647;34,6;19,9920284748077;1,24967567622662
1,75;4,99898066648766;47,4757018378359;11;384;175;421;55,9434469985962;13,7;6,38;"OS_111";20;9;559;96,8;56,0634469985962;4,09194618463516
1,75;4,81322150041927;47,2548069989591;38;290;197;464;47,7835520553589;12,9;6,27;"OS_111";49;11;487;82,7;47,9035520553589;3,69003415107727
1,75;5,14441966609063;47,4852934983331;9;302;166;479;55,7989276885986;13,7;7,13;"OS_111";53;44;468;96,5;59,3989276885986;4,0730482339859
1,75;5,0753654995463;47,4264459970045;17;300;177;496;60,2446892547607;15,3;7,2;"OS_111";27;10;477;104;60,9646892547607;3,9323353767395
1,75;4,8835043337731;47,346208336651;39;311;200;417;73,8504154205322;12,8;7,22;"OS_111";72;33;511;128;75,6504154205322;5,77743887901306
1,75;4,88017050028464;47,4456876654068;6;369;149;460;46,5738523101807;14,3;6,94;"OS_111";22;16;518;80,6;49,8138523101807;3,25573593378067
1,75;4,89048033387161;47,2337618371143;160;234;321;211;16,7335827636718;9,68;8,28;"OS_214";234;74;555;28,9;44,4535827636718;1,72927528619766
2;5,21324310895183;47,592089270993;17;391;257;319;21,8024400901794;10,1;7,81;"OS_214";33;16;648;37,7;22,8824400901794;2,16854602098464
2;5,14131399958814;47,3195984966858;115;257;125;438;36,1452011489868;9,68;8,07;"OS_214";180;65;382;62,5;43,7052011489868;3,73568505048751
2;4,82191533342729;47,2341425012271;119;238;251;319;21,7986389923095;10,3;8,14;"OS_214";192;73;489;37,7;38,1186389923095;2,11494162678718
2;5,26010066638579;47,404531502626;73;288;134;403;19,0311735916137;9,38;8,24;"OS_214";175;102;422;32,9;58,1511735916137;2,02993437647819
2;4,8423298335621;47,2610360002866;172;205;273;277;15,85;9,4;8,23;"OS_214";245;73;478;27,4;19,9007320404052;1,68573632836341
1,75;4,69556316692478;47,2622309981389;187;297;170;310;12,9;12,1;7,25;"OS_214";223;36;467;22,3;12,9490447044372;1,06378853321075
1,75;5,2198851661466;47,3503080010875;63;302;200;407;18,842194700241;9,86;7,98;"OS_214";91;28;502;32,6;19,442194700241;1,91033616662025
1,75;5,19488316661368;47,3510838294728;67;298;207;343;18,1423598289489;9,6;8,22;"OS_214";152;85;505;31,4;32,5423598289489;1,88907980918884
1,75;5,21355983289805;47,3774494994023;41;407;216;303;17,4295640945434;10,4;8,1;"OS_214";74;33;623;30,2;19,8295640945434;1,6702926158905
1,75;5,19803600046536;47,3894241681751;42;364;204;318;16,045575389862;9,7;8,24;"OS_214";114;72;568;27,8;25,285575389862;1,65502250194549
1,75;4,79042083388621;47,469197664733;57;319;111;463;41,0408353424072;9,97;7,92;"OS_214";107;50;430;71;43,0808353424072;4,11789923906326
1,75;5,14415700046572;47,4640531682008;83;254;139;426;23,9610640335083;10,4;8,25;"OS_214";181;98;393;41,5;58,2810640335083;2,30454385280609
1,75;5,0295618331287;47,182201998564;116;220;337;308;11,6472288894653;9,52;7,98;"OS_214";135;19;557;20,1;12,9672288894653;1,22404970228672
1,75;5,16274600002228;47,2584238335988;128;347;235;266;11,0973638153076;8,63;8,38;"OS_214";152;24;582;19,2;58,7373638153076;1,28637701272964
2;5,14024483326497;47,2590931670234;80;258;158;470;13,8810004043579;10,6;8,33;"OS_214";114;34;416;24;41,0010004043579;1,30746126174926
1,75;4,82235498896534;47,3165165230259;92;263;254;268;23,231351108551;10,1;8,23;"OS_214";215;123;517;40,2;37,511351108551;2,29532837867736
1,75;4,65142705473489;47,3234482716792;88;295;136;312;20,9762997055053;9,45;8,27;"OS_214";257;169;431;36,3;79,5362997055053;2,22031071782112
2;5,10326783354863;47,424231504203;39;397;198;321;16,6599463272094;9,86;8,28;"OS_214";84;45;595;28,8;22,7799463272094;1,69023782014846
2;5,10476933376817;47,4365790016364;42;319;195;372;20,3995198249816;10,7;7,91;"OS_214";114;72;514;35,3;20,9995198249816;1,90835207700729
2;5,09373753949674;47,3552574943125;77;311;188;403;20,285956287384;10,5;8,1;"OS_214";98;21;499;35,1;20,885956287384;1,92975059151649
2;5,27931366634048;47,1452911637543;78;309;212;358;16,4996414756774;9,19;8,23;"OS_214";121;43;521;28,5;17,9396414756774;1,79543271660804
2;5,21441600017076;47,100303499203;186;208;303;234;10,3645770645141;9,3;8,01;"OS_214";255;69;511;17,9;10,6045770645141;1,1140239238739
2;5,20751333355009;47,2500041676232;77;284;126;426;25,54;8,93;8,18;"OS_214";164;87;410;44,2;63,94;2,86
1,75;4,78576221625333;47,4039011408032;43;456;121;286;30,96;9,8;7,99;"OS_214";137;94;577;53,6;42,24;3,16
2;5,35500600041932;47,4096281683066;46;392;292;247;10,6;10,1;6,54;"OS_214";69;23;684;18,3;10,63;1,05
2;5,33585672085813;47,1580670281136;62;248;108;400;24,8087356567383;8,67;8,16;"OS_214";244;182;356;42,9;50,0087356567383;2,86242872476578
2;5,29149083274755;47,0537816642993;77;363;320;172;8,15;9,61;6,57;"OS_214";145;68;683;14,1;8,15322518348694;0,848415940999985
2;5,35857716613307;47,4649613327145;27;399;248;308;13,8643682003021;9,56;7,39;"OS_214";45;18;647;24;13,8643682003021;1,45006284117699
2;4,93362633355407;47,4117433301644;29;315;109;507;26,6414648628235;10;8,02;"OS_214";69;40;424;46,1;30,4814648628235;2,65627771615982
2;5,20372733348553;47,2896416670557;41;282;142;418;23,4286978149414;9,63;8,18;"OS_214";158;117;424;40,5;41,1886978149414;2,43301153182983
1,75;5,42808833343247;47,3838125011695;85;273;202;334;12,7190250015259;9,28;8,16;"OS_214";191;106;475;22;15,3590250015259;1,37025371193886
2;5,189597166814;47,459793334195;30;339;211;398;14,5143020153046;9,68;7,22;"OS_214";52;22;550;25,1;14,5143020153046;1,49949789047241
2;5,13818666723248;47,3919471679814;53;366;243;300;13,1685197353363;10;6,39;"OS_214";91;38;609;22,8;13,1685197353363;1,31513014435768
2;5,13011231600448;47,3982579803058;111;327;132;237;14,0033333333333;8,92;8,4;"OS_214";304;193;459;24,2;115,443333333333;1,57
2;4,64669049950595;47,271796336967;38;358;160;420;36,8339810562134;9,8;6,88;"OS_210";62;24;518;63,7;37,3139810562134;3,7592750787735
2;4,97688643173553;47,249200723689;82;267;194;407;14,3591539669037;11,2;8,32;"OS_218";132;50;461;24,8;19,8791539669037;1,28734037280083
1,75;4,95781972781542;47,1885708053149;60;268;143;416;24,5885985183716;10,8;8,15;"OS_218";173;113;411;42,5;46,3085985183716;2,27839395403862
2;4,99526749949542;47,2725231622711;77;244;167;379;33,0740548706055;13,8;7,96;"OS_218";210;133;411;57,2;54,9140548706055;2,39333391189575
1,75;4,9667056665222;47,2437005009306;91;183;129;360;14,2015836715698;9,4;8,3;"OS_218";328;237;312;24,6;54,4015836715698;1,51108890771865
2;4,83717966709073;47,1425000008645;121;218;143;336;20,9041180801391;10,4;8,24;"OS_218";303;182;361;36,2;48,3841180801391;2,00647294521331
2;4,84875800061389;47,1402040028867;195;187;219;249;12,9192770767211;10,6;8,34;"OS_218";345;150;406;22,4;55,0392770767211;1,21626012027263
1,75;4,96620766642679;47,3172148355624;98;192;114;449;21,1010958099365;10,6;8,29;"OS_218";245;147;306;36,5;66,4610958099365;1,98996782302856
2,5;5,20498738339323;47,2771876053979;36;360;227;344;14,7852387809753;9,25;8,13;"OS_214";69;33;587;25,6;18,7452387809753;1,59894615411758
2,25;5,22159046949297;47,2650756551301;50;322;102;355;29,6840072250366;8,49;8,2;"OS_214";221;171;424;51,4;64,1240072250366;3,49429249763488
2,25;5,22947283324332;47,2644384971904;39;383;272;297;12,4185749340057;9,35;7,17;"OS_214";48;9;655;21,5;12,5385749340057;1,32819071412086
2,25;5,21926401500061;47,2629371146043;71;318;111;303;30,4688372039794;9,45;8,21;"OS_210";268;197;429;52,7;77,0288372039794;3,22290569543838
2,25;4,5983490000311;47,2896984966688;71;307;155;306;20,4418775558472;10,2;8,23;"OS_111";232;161;462;35,4;73,2418775558472;2,01094135642052
2,5;4,60094432145603;47,2781058150258;42;295;92;343;32,0494738769531;9,84;8,06;"OS_214";270;228;387;55,4;61,9294738769531;3,25659155845642
2,5;4,60456633331096;47,2860623298961;25;402;118;421;29,8062503433228;9,28;7,85;"OS_214";59;34;520;51,6;33,0462503433228;3,21239143610001
2,25;4,5906392692573;47,2815228962795;53;246;142;392;26,6069919204712;9,67;8,06;"OS_214";220;167;388;46;60,4469919204712;2,75129586458206
2,25;4,59410433333651;47,2802626657633;35;289;147;511;22,9174368476868;9,91;6,93;"OS_214";53;18;436;39,6;23,1574368476868;2,31185033917427
2,5;4,59964333317219;47,2836394991539;28;325;136;497;23,1851818847656;9,66;7,64;"OS_214";42;14;461;40,1;23,9051818847656;2,40075021982193
2,25;4,5964126673186;47,2804371694808;28;346;142;467;22,3944147872925;9,89;7,13;"OS_214";45;17;488;38,7;22,5144147872925;2,26443603634834
2,5;4,59311649975579;47,2777201636168;34;335;132;438;27,5499808120728;9,95;7,99;"OS_214";95;61;467;47,7;34,8699808120728;2,76767015457153
2,25;4,58888583051432;47,2780896694141;40;359;170;415;22,0005576705933;10,1;7,07;"OS_214";56;16;529;38,1;22,2405576705933;2,17783778905869
2,25;4,58907316622235;47,277529665137;35;311;145;492;23,2209206962585;9,48;7,33;"OS_214";52;17;456;40,2;23,5809206962585;2,448810338974
2,5;4,59784016602856;47,2771263311721;15;387;87;335;39,0768493652344;9,2;8,02;"OS_214";191;176;474;67,6;57,6768493652344;4,2497444152832
2,25;4,60061083369056;47,2880026693251;24;342;116;458;28,8956065750122;8,95;8,02;"OS_214";84;60;458;50;36,3356065750122;3,2280421257019
2,5;4,60023944689955;47,2905801273916;17;502;200;244;75,4876873779297;10,3;7,64;"OS_210";54;37;702;131;79,2076873779297;7,36434161663055
2,25;4,59929166630939;47,2782663306671;23;362;118;446;36,0249276733398;9,74;7,97;"OS_210";74;51;480;62,3;43,4649276733398;3,69878798723221
2,25;4,84212000023756;47,2994119960212;35;237;195;529;56,8615851593018;14,3;7,13;"OS_111";39;4;432;98,4;57,3415851593018;3,98827463388443
2,25;5,04309916701302;47,505959003604;62;256;160;349;63,3085164642334;14,3;7,9;"OS_111";235;173;416;110;104,348516464233;4,42262977361679
2,25;5,14955900032885;47,441190503721;59;337;242;201;17,4403938102722;15,2;4,85;"OS_111";220;161;579;30,2;17,5603938102722;1,14641487598419
2,25;5,31175866631104;47,2916828336019;41;415;386;141;16,23;14,5;4,84;"OS_111";58;17;801;28,1;16,23;1,12
2,25;5,21686738964643;47,3785035869085;35;396;264;289;23,0112171173096;13,1;5,99;"OS_111";51;16;660;39,8;23,0112171173096;1,7517463862896
2,5;5,30791016629726;47,1360598320713;88;208;94;596;74,3748357391357;10,8;7,72;"OS_111";102;14;302;129;83,6148357391357;6,88143074512482
2,5;5,32239994098879;47,4663929499516;91;364;261;269;17,0154440402985;13,6;5,12;"OS_111";106;15;625;29,4;17,0154440402985;1,25214517116547
2,25;5,32187216663587;47,5394221624668;152;356;320;166;20,7357573509216;14,4;5,49;"OS_111";158;6;676;35,9;20,7357573509216;1,44349336624146
2,25;5,32425816705049;47,5605556649921;14;345;211;426;28,1482299613953;11,8;6,64;"OS_111";18;4;556;48,7;28,2682299613953;2,37693682312965
2,5;5,07078549948544;47,4623719968399;37;259;102;546;28,01363697052;10;8,1;"OS_214";93;56;361;48,5;40,61363697052;2,79335081577301
2,5;5,31422750031594;47,1247975017666;114;194;198;387;20,3949603080749;10,1;8,13;"OS_214";221;107;392;35,3;26,9949603080749;2,01760590076446
2,25;4,98116633296018;47,1471538309344;110;322;376;158;9,19;10,7;7,74;"OS_214";144;34;698;15,9;9,19056892395019;0,858336687088012
2,5;5,17724618330572;47,2945690111483;49;372;168;345;36,7512462615966;9,1;8,16;"OS_214";115;66;540;63,6;76,9512462615966;4,03896868228912
2,5;5,36966633358991;47,3440933311027;94;389;280;210;11,9177405929565;12,3;7,42;"OS_214";121;27;669;20,6;12,1577405929565;0,965462103486061
2,25;5,14915250025093;47,1850974978985;48;357;261;319;11,7;9,36;6,92;"OS_214";63;15;618;20,2;11,6746664047241;1,24939940869808
2,25;5,12653650048121;47,3617786672875;75;291;117;464;22,9099228286743;9,64;8,17;"OS_214";128;53;408;39,6;40,6699228286743;2,37619817256927
2,25;5,19501033327595;47,1432078318501;55;331;112;479;23,4718848419189;9,88;8,29;"OS_214";78;23;443;40,6;47,3518848419189;2,37550944089889
2,5;5,14838116658291;47,1778791674408;54;320;259;339;15,9;10,9;7,12;"OS_214";82;28;579;27,5;15,9095561504364;1,46185249090194
2,25;5,31455116611006;47,3855300005531;113;335;354;146;10,6;11;6,96;"OS_214";165;52;689;18,3;10,5864322185516;0,961736440658569
2,5;5,07779066712284;47,3870943301097;84;271;163;356;30,7407829284667;12;8,25;"OS_214";210;126;434;53,2;53,5407829284668;2,55822658538818
2,25;5,00284683397004;47,2607596701011;40;283;158;451;24,2403070831299;9,12;8,11;"OS_214";108;68;441;41,9;33,0003070831299;2,65722960233688
2,25;5,47024264349414;47,5535672562973;55;398;256;275;11,1;9,1;6,95;"OS_214";71;16;654;19,2;11,1280417442322;1,21968731284142
2,25;5,28177783312696;47,4493944955431;143;123;119;270;16,8814517021179;9,64;8,08;"OS_214";488;345;242;29,2;19,2814517021179;1,75204500555992
2,25;5,27799399948009;47,2805310032603;91;336;363;181;9,61;11,2;6,6;"OS_214";120;29;699;16,6;9,61;0,86
2,25;5,33680516690868;47,3473248311748;69;257;258;397;20,3;11;7,13;"OS_214";88;19;515;35,1;20,31;1,85
2,5;5,01642986661576;47,534766335464;74;273;197;338;20,1;9,76;8,23;"OS_214";192;118;470;34,8;70,14;2,06
2,25;5,18506933399238;47,1930753335499;23;216;90;664;25,09;8,9;7,66;"OS_214";30;7;306;43,4;25,57;2,82
2,5;5,1283160426463;47,5477138383518;91;337;166;264;23,9675293731689;9;8,12;"OS_214";233;142;503;41,5;103,887529373169;2,66391187906265
2,25;4,99950566654758;47,2360753293415;38;297;166;489;24,5759293365479;8,95;7,99;"OS_214";48;10;463;42,5;25,8959293365479;2,74581253528595
2,25;5,37955945914575;47,2649024996114;216;243;247;143;10,6;10,2;7;"OS_214";367;151;490;18,3;10,6200075149536;1,03575237095356
2,25;5,12317149982911;47,3112575008547;184;192;155;422;18,3;9,6;7,68;"OS_214";231;47;347;31,7;18,3178722858429;1,90705195069313
2,25;4,69126199990499;47,4275033349752;58;301;142;458;44,8158619308472;9,69;7,5;"OS_210";99;41;443;77,5;50,5758619308472;4,62713837623596
2,25;5,44425933292599;47,3162661674636;19;311;46;615;41,3265999603272;10;6,16;"OS_210";28;9;357;71,5;41,4465999603271;4,11278039216995
2,5;5,25041250040889;47,5773831690935;9;364;171;450;37,6594147872925;10,2;7,37;"OS_210";15;6;535;65,2;38,1394147872925;3,70346218347549
2,25;5,42741524608551;47,5147730075791;63;299;244;385;31,2951176261902;9,94;6,9;"OS_210";72;9;543;54,1;31,5351176261902;3,14846992492676
2,25;4,81421850001126;47,5142464983503;99;325;176;250;48,952004776001;9,17;8,03;"OS_210";249;150;501;84,7;123,592004776001;5,34114062786102
2,5;4,71182033382551;47,2883980031346;63;363;168;343;37,1485280990601;9,79;5,64;"OS_210";126;63;531;64,3;37,1485280990601;3,79290461540222
2,5;5,18646050024777;47,3547994993005;39;294;118;481;49,9439042663574;9,49;8,01;"OS_210";107;68;412;86,4;67,5839042663574;5,26096999645233
2,5;4,97988333290391;47,2092171636136;79;236;197;361;23,4162049484253;11,4;8,16;"OS_218";206;127;433;40,5;41,8962049484253;2,04881578683853
2,25;4,84272566660668;47,144223337273;202;185;175;254;20,614972076416;11;8,22;"OS_218";386;184;360;35,7;67,654972076416;1,87135934829711
2,25;4,85806716647653;47,1803378345061;133;208;260;304;18,1953601837158;10,5;8,15;"OS_218";228;95;468;31,5;45,1953601837158;1,72781080007553
2,2;4,9768356664469;47,3246839955549;158;209;148;394;24,4187713623047;10,1;8,15;"OS_218";249;91;357;42,2;86,8187713623047;2,42493882775307
2,4;4,98486483307266;47,3121186661992;120;230;130;424;18,5292866897583;9,97;8,27;"OS_218";216;96;360;32,1;77,2092866897583;1,85863837599754
3,25;5,2205315079642;47,2673449987146;52;318;198;362;25,1784603881835;9,33;8,25;"OS_210";122;70;516;43,6;46,8984603881835;2,69930452108383
3,5;4,60249716648321;47,2806738315153;45;292;122;526;60,9362024307251;12;7,29;"OS_111";60;15;414;105;61,5362024307251;5,05735039710999
3,5;4,59720733359462;47,2801771637791;33;398;122;420;31,3771220588684;9,76;7,81;"OS_111";60;27;520;54,3;34,7371220588684;3,21392744779587
3,5;4,60266949945651;47,2774954977826;29;403;126;420;41,1172855377197;9,97;7,52;"OS_111";51;22;529;71,1;42,3172855377197;4,12467449903488
3,25;4,60101407866848;47,2753875332316;28;471;126;320;36,0909687805176;9,39;7,96;"OS_214";83;55;597;62,4;43,4109687805176;3,84248167276382
3;4,59889000013074;47,288933504096;43;300;132;410;21,0534674453735;9,16;8,17;"OS_214";158;115;432;36,4;46,3734674453735;2,298763692379
3;4,59119547433158;47,2757606539309;26;485;135;298;45,4961722564697;10;7,91;"OS_214";82;56;620;78,7;50,1761722564697;4,54772531986237
3,25;4,59314850032752;47,2747086710358;22;383;131;413;28,0731275939941;9,9;7,98;"OS_214";73;51;514;48,6;33,2331275939941;2,83497214317322
3,75;4,60257209342725;47,2887979158237;64;305;162;357;55,7543414306641;10,8;7,96;"OS_210";176;112;467;96,5;105,434341430664;5,17918646335602
3,25;4,60568857472767;47,2814476686362;30;354;118;476;35,5631777572632;10,2;7,54;"OS_210";52;22;472;61,5;36,8831777572632;3,47846031188965
2,75;4,59849808833758;47,2749729040261;41;475;133;200;41,360675201416;10;7,91;"OS_210";192;151;608;71,6;62,000675201416;4,12260353565216
4;4,70159433274831;47,1979025001545;8;354;183;452;37,2188496589661;15;6,12;"OS_111";11;3;537;64,4;37,2188496589661;2,48496025800705
2,75;5,47431260854483;47,5728417404338;15;385;144;393;48,1369631195068;14,9;7,96;"OS_111";78;63;529;83,3;56,8969631195068;3,23260754346848
5,25;5,34128516738817;47,5541903377246;8;339;184;429;47,9934921646118;14,6;7,3;"OS_111";48;40;523;83;51,9534921646118;3,28683823347092
3;5,2189260005384;47,4698361690631;14;239;146;587;43,7863315963745;14,4;7,21;"OS_111";28;14;385;75,8;45,3463315963745;3,04606258869171
4,75;5,37489649369333;47,5646554559628;17;298;171;491;44,7972878265381;14,1;6,39;"OS_111";40;23;469;77,5;44,9172878265381;3,16989362239838
2,75;5,26116491230036;47,4937861207272;19;456;278;241;20,1807856559753;12,6;5,39;"OS_111";25;6;734;34,9;20,1807856559753;1,6058823466301
4,75;5,42708916718403;47,2855615000196;128;124;52;253;27,2817587852478;11,8;5,44;"OS_111";571;443;176;47,2;27,2817587852478;2,31632366776466
4,25;5,48012466693879;47,3606690013423;167;68;27;236;27,9339909553528;12;6,2;"OS_111";669;502;95;48,3;27,9339909553528;2,32222184538841
3;4,94361133269274;47,5740873293352;16;378;160;423;44,5453747177124;15;7,29;"OS_111";39;23;538;77,1;46,7053747177124;2,96077191829681
3,25;5,05101416686483;47,4030803344208;24;383;218;364;37,0069601821899;16;6,77;"OS_111";35;11;601;64;37,7269601821899;2,31965556740761
3,5;5,46216316713131;47,2246161629286;217;193;123;116;16,1273550987244;14,2;5,07;"OS_111";568;351;316;27,9;16,1273550987244;1,13400161266327
3,75;5,3132904996659;47,5568608349642;26;385;292;293;24,5582222938538;13,8;5,17;"OS_111";30;4;677;42,5;24,5582222938538;1,7734669148922
3,5;5,26204616672498;47,5420578326141;40;419;255;283;24,0212917327881;12,8;5,34;"OS_111";43;3;674;41,6;24,0212917327881;1,87003761529922
3;5,26449999954578;47,5418416645177;63;425;264;244;18,3192586898804;12,8;5,21;"OS_111";67;4;689;31,7;18,3192586898804;1,43034264445305
3;5,47168416620878;47,5934908309144;24;368;219;361;30,3280934143066;12;6,11;"OS_111";52;28;587;52,5;30,4480934143066;2,52244532108307
4,75;5,4644354993549;47,5899056648056;37;458;290;169;18,7397909164429;13,4;5,28;"OS_111";83;46;748;32,4;18,7397909164429;1,40361934900284
3;4,80599050033342;47,4142083344498;33;303;151;507;39,7466516494751;13,5;5,49;"OS_111";39;6;454;68,8;39,7466516494751;2,94326335191727
3,5;5,45789416747998;47,2472916708773;191;246;194;236;8,6;9,76;7,34;"OS_214";324;133;440;14,9;8,60073924064636;0,881544947624206
3;5,31661549946406;47,1825708339517;102;336;323;175;12,7845916938781;9,56;7,89;"OS_214";166;64;659;22,1;13,2645916938781;1,33765235543251
2,75;4,74327852404031;47,4868310732889;100;264;97;170;33,1109469604492;12,9;8,22;"OS_214";469;369;361;57,3;97,7909469604492;2,55772709846496
3,75;5,09032633362071;47,2325446700288;43;355;249;315;13,5581923866271;9,8;7,43;"OS_214";81;38;604;23,5;13,9181923866271;1,38407915830612
3,25;4,96846466716196;47,331723000003;166;160;110;326;19,9545896148681;10,6;8,3;"OS_214";404;238;270;34,5;83,1945896148681;1,88583269715309
2,75;5,22284800003131;47,2239769983278;101;257;113;280;22,029500427246;8,64;8,28;"OS_214";350;249;370;38,1;89,5895004272461;2,5500276684761
2,75;5,06822733353405;47,4858943364065;103;272;119;306;22,9915727615356;9,99;8,28;"OS_214";303;200;391;39,8;71,5915727615356;2,30249926447868
3,25;5,07029533364532;47,4574351643193;16;372;177;427;17,9994528388977;10,4;6,91;"OS_214";24;8;549;31,1;18,2394528388977;1,73521444201469
3;5,04170049942234;47,4226338325451;30;347;237;382;19,6;10,7;7,15;"OS_214";34;4;584;33,9;19,6424686908721;1,82477548718452
3,25;5,02200933382573;47,2120751657671;81;329;257;320;17,7;13;7,23;"OS_214";94;13;586;30,6;17,7308928966522;1,36375680565834
3,5;5,33806616641168;47,575802332971;30;439;301;197;13,7;10,8;6,75;"OS_214";63;33;740;23,7;13,6918711662292;1,27250105142593
2,75;4,9031369230832;47,3855068883602;48;311;192;358;22,935574054718;9,67;8,21;"OS_214";139;91;503;39,7;37,935574054718;2,37233996391296
3;4,81081149980802;47,4607750009453;101;224;114;188;26,2312640380859;9,03;8,2;"OS_214";474;373;338;45,4;96,3112640380859;2,90506422519683
4;4,81871309845175;47,5146092204742;41;367;136;317;40,4810076904296;9,92;8,08;"OS_214";180;139;503;70;61,3610076904296;4,07958596944809
3;4,82319783278099;47,5536968359011;76;279;119;181;20,174102897644;9,62;8,34;"OS_214";421;345;398;34,9;74,054102897644;2,09761157631874
3,5;5,33834733348462;47,4818568325078;75;366;321;167;15,1;9,89;7,39;"OS_214";146;71;687;26,1;15,0969266891479;1,52650624513626
2,75;5,36156066716311;47,4078536687054;58;366;343;207;12,9;10,5;7,31;"OS_214";84;26;709;22,3;12,85;1,23
3,75;5,3067429091466;47,4703195102201;89;344;248;189;11,9;11,7;7,53;"OS_214";219;130;592;20,6;11,94;1,02
4,25;5,26227542900753;47,4769171222047;57;410;175;246;27,89;10,2;8,06;"OS_214";169;112;585;48,2;39,53;2,74
4;5,21833249982052;47,4165066688117;44;375;160;377;25,33;10,3;8,15;"OS_214";88;44;535;43,8;34,57;2,46
4;4,80537983334966;47,4849915014112;22;382;138;396;26,6341795539856;9,12;8,02;"OS_214";84;62;520;46,1;34,6741795539856;2,91932791471481
2,75;5,25672116717204;47,0371476703995;99;402;263;171;7,96;10,2;7,32;"OS_214";164;65;665;13,8;7,95534074306488;0,782196894288063
3,75;4,98613733370057;47,4128224968945;107;351;174;209;19,4066666666667;9,04;8,21;"OS_214";266;159;525;33,6;109,046666666667;2,14666666666667
3;5,33039316697887;47,1391121697136;99;245;245;315;12,7168171977997;9,35;7,97;"OS_214";195;96;490;22;14,1568171977997;1,35977521538734
2,75;5,3081870185555;47,505657584686;74;373;235;225;12,8;10,7;7,71;"OS_214";167;93;608;22,1;12,7983248233795;1,20144620537758
3,25;4,74383660344969;47,5294460294309;83;304;108;171;32,3652365875244;9,76;8,1;"OS_214";417;334;412;56;91,0452365875244;3,31441730260849
5,25;5,38732349938152;47,4823361626011;37;318;158;479;44,8655702209473;9,25;7,9;"OS_210";45;8;476;77,6;51,7055702209473;4,85242456197739
3;5,41059983263854;47,572679164514;16;333;99;552;43,6934288787842;10,2;6,5;"OS_210";16;0;432;75,6;43,8134288787842;4,27679449319839
2,75;4,86529699992484;47,3140546666163;102;413;264;213;39,5548586273193;9,6;7,99;"OS_210";110;8;677;68,4;62,1148586273193;4,1192838549614
3,75;4,98189576347716;47,536581143662;91;393;219;273;51,7839112091064;9,11;7,88;"OS_210";115;24;612;89,6;111,303911209106;5,68272113800049
4,25;5,36796099964331;47,1910753353153;111;174;116;366;32,0048999786377;10;6,19;"OS_210";344;233;290;55,4;32,0048999786377;3,19859117269516
4,5;4,99014707400122;47,1553648074714;71;291;291;316;23,6960911750793;9,99;7,06;"OS_210";102;31;582;41;23,6960911750793;2,37154021859169
4,25;5,04451050039789;47,5110183299762;70;445;216;192;54,955004196167;9,17;8,01;"OS_210";147;77;661;95,1;117,475004196167;5,9923779964447
2,75;5,14906797398298;47,6322808123284;21;279;103;593;53,2463528060913;9,38;6,77;"OS_210";25;4;382;92,1;53,6063528060913;5,67474007606506
2,75;4,6173343327545;47,2907229959614;45;276;130;503;44,5562181854248;9,42;7,85;"OS_210";91;46;406;77,1;51,5162181854248;4,73183929920197
2,75;4,72323099976974;47,3719478331203;84;313;165;400;30,5293973731995;10,3;7,26;"OS_210";122;38;478;52,8;30,6493973731995;2,95618891716003
3,25;4,77526983370958;47,3490839955308;89;265;212;414;31,6577723312378;10,1;7,5;"OS_210";109;20;477;54,8;32,3777723312378;3,13893496990204
3;5,11644723010328;47,1448574988848;84;260;172;460;30,6967282295227;9,48;6,12;"OS_210";108;24;432;53,1;30,6967282295227;3,23790371417999
3,5;4,93776783350482;47,4278426682124;62;342;112;332;46,067600402832;10,4;8,11;"OS_210";214;152;454;79,7;82,907600402832;4,44849461317062
3,25;5,17417030093677;47,4283444258039;127;340;301;151;14,3887221813202;10,8;5,96;"OS_210";208;81;641;24,9;14,3887221813202;1,32689118385315
4,25;5,26792250017331;47,4744809978204;124;260;133;219;26,6179539108276;11,3;8,23;"OS_210";388;264;393;46;71,9779539108276;2,35042527318001
3,25;4,99853983258678;47,288573163194;75;251;155;347;17,897483253479;10,5;8,25;"OS_218";247;172;406;31;51,497483253479;1,70463785529137
4,25;4,96824750039416;47,331447334651;200;162;148;340;16,5942283630371;9,41;8,25;"OS_218";350;150;310;28,7;81,9942283630371;1,76378980278969
3,5;4,88359266660463;47,1680173351423;197;286;241;210;14,225312423706;9,98;8,36;"OS_218";263;66;527;24,6;73,025312423706;1,42602577805519
3,25;4,87192066666705;47,1340176667132;145;235;202;306;13,2589514923095;11,1;8,34;"OS_218";257;112;437;22,9;53,9389514923095;1,19774542748928
3,5;4,87815533463189;47,1441978754832;182;182;242;324;22,346561088562;10,1;8,12;"OS_218";252;70;424;38,7;37,706561088562;2,2208759188652
